{
    "recipes" : [
        {
            "name":"Vodka",
            "quantity":4,
            "stationLvl":1,
            "tiers":1,
            "ingredients":[
                {
                    "name":"Potato",
                    "quantity":16
                },
                {
                    "name":"Water",
                    "quantity":4
                },
                {
                    "name":"Distilling mash",
                    "quantity":4
                },
                {
                    "name":"Basic crockery",
                    "quantity":4
                }
            ]
        },
        {
            "name":"Small labor potion",
            "quantity":1,
            "stationLvl":1,
            "tiers":1,
            "ingredients":[
                {
                    "name":"Bottle",
                    "quantity":1
                },
                {
                    "name":"Base elixir",
                    "quantity":1
                },
                {
                    "name":"Animal bones",
                    "quantity":4
                },
                {
                    "name":"Hen egg",
                    "quantity":2
                },
                {
                    "name":"Rabbit foot",
                    "quantity":1
                }
            ]
        },
        {
            "name":"Minor healing potion",
            "quantity":30,
            "stationLvl":1,
            "tiers":1,
            "ingredients":[
                {
                    "name":"Hen meat",
                    "quantity":9
                },
                {
                    "name":"Base elixir",
                    "quantity":6
                },
                {
                    "name":"Amber fragments",
                    "quantity":18
                }
            ]
        },
        {
            "name":"Minor mana potion",
            "quantity":15,
            "stationLvl":1,
            "tiers":1,
            "ingredients":[
                {
                    "name":"Garlic",
                    "quantity":15
                },
                {
                    "name":"Base elixir",
                    "quantity":3
                },
                {
                    "name":"Amber fragments",
                    "quantity":9
                }
            ]
        },
        {
            "name":"Stomach protector",
            "quantity":1,
            "stationLvl":1,
            "tiers":1,
            "ingredients":[
                {
                    "name":"Bottle",
                    "quantity":1
                },
                {
                    "name":"Resin",
                    "quantity":2
                },
                {
                    "name":"Garlic",
                    "quantity":2
                }
            ]
        },
        {
            "name":"Antibiotic ointment",
            "quantity":1,
            "stationLvl":2,
            "tiers":1,
            "ingredients":[
                {
                    "name":"Salt",
                    "quantity":3
                },
                {
                    "name":"Water",
                    "quantity":5
                },
                {
                    "name":"Garlic",
                    "quantity":3
                },
                {
                    "name":"Bottle",
                    "quantity":1
                }
            ]
        },
        {
            "name":"Medicine",
            "quantity":1,
            "stationLvl":2,
            "tiers":2,
            "ingredients":[
                {
                    "name":"Bottle",
                    "quantity":1
                },
                {
                    "name":"Water",
                    "quantity":1
                },
                {
                    "name":"Honey",
                    "quantity":2
                }
            ]
        },
        {
            "name":"Small healing potion",
            "quantity":30,
            "stationLvl":2,
            "tiers":2,
            "ingredients":[
                {
                    "name":"Goat meat",
                    "quantity":9
                },
                {
                    "name":"Base elixir",
                    "quantity":12
                },
                {
                    "name":"Bottle",
                    "quantity":6
                },
                {
                    "name":"Lumen essence",
                    "quantity":18
                }
            ]
        },
        {
            "name":"Small mana potion",
            "quantity":15,
            "stationLvl":2,
            "tiers":2,
            "ingredients":[
                {
                    "name":"Radish",
                    "quantity":15
                },
                {
                    "name":"Base elixir",
                    "quantity":6
                },
                {
                    "name":"Bottle",
                    "quantity":6
                },
                {
                    "name":"Lumen essence",
                    "quantity":9
                }
            ]
        },
        {
            "name":"Mead",
            "quantity":1,
            "stationLvl":3,
            "tiers":2,
            "ingredients":[
                {
                    "name":"Honey",
                    "quantity":18
                },
                {
                    "name":"Water",
                    "quantity":6
                },
                {
                    "name":"Distilling mash",
                    "quantity":4
                },
                {
                    "name":"Steady crockery",
                    "quantity":6
                }
            ]
        },
        {
            "name":"Medium healing potion",
            "quantity":30,
            "stationLvl":4,
            "tiers":3,
            "ingredients":[
                {
                    "name":"Pork meat",
                    "quantity":12
                },
                {
                    "name":"Base elixir",
                    "quantity":24
                },
                {
                    "name":"Bottle",
                    "quantity":6
                },
                {
                    "name":"Moon dust",
                    "quantity":18
                }
            ]
        },
        {
            "name":"Medium mana potion",
            "quantity":15,
            "stationLvl":4,
            "tiers":3,
            "ingredients":[
                {
                    "name":"Tomato",
                    "quantity":18
                },
                {
                    "name":"Base elixir",
                    "quantity":12
                },
                {
                    "name":"Bottle",
                    "quantity":6
                },
                {
                    "name":"Moon dust",
                    "quantity":9
                }
            ]
        },
        {
            "name":"Rum",
            "quantity":6,
            "stationLvl":4,
            "tiers":3,
            "ingredients":[
                {
                    "name":"Honey",
                    "quantity":18
                },
                {
                    "name":"Resin",
                    "quantity":32
                },
                {
                    "name":"Water",
                    "quantity":6
                },
                {
                    "name":"Distilling mash",
                    "quantity":4
                },
                {
                    "name":"Sturdy crockery",
                    "quantity":6
                }
            ]
        },
        {
            "name":"Medium labor potion",
            "quantity":1,
            "stationLvl":5,
            "tiers":3,
            "ingredients":[
                {
                    "name":"Bottle",
                    "quantity":2
                },
                {
                    "name":"Base elixir",
                    "quantity":3
                },
                {
                    "name":"Yeast",
                    "quantity":12
                },
                {
                    "name":"Honey",
                    "quantity":4
                },
                {
                    "name":"Pork truffle",
                    "quantity":1
                }
            ]
        },
        {
            "name":"Large healing potion",
            "quantity":30,
            "stationLvl":5,
            "tiers":4,
            "ingredients":[
                {
                    "name":"Cow beef",
                    "quantity":15
                },
                {
                    "name":"Base elixir",
                    "quantity":48
                },
                {
                    "name":"Bottle",
                    "quantity":6
                },
                {
                    "name":"Nymph tears",
                    "quantity":18
                }
            ]
        },
        {
            "name":"Large mana potion",
            "quantity":15,
            "stationLvl":5,
            "tiers":4,
            "ingredients":[
                {
                    "name":"Watermelon",
                    "quantity":21
                },
                {
                    "name":"Base elixir",
                    "quantity":24
                },
                {
                    "name":"Bottle",
                    "quantity":6
                },
                {
                    "name":"Nymph tears",
                    "quantity":9
                }
            ]
        },
        {
            "name":"Watermelon vodka",
            "quantity":4,
            "stationLvl":6,
            "tiers":4,
            "ingredients":[
                {
                    "name":"Potato",
                    "quantity":16
                },
                {
                    "name":"Watermelon",
                    "quantity":8
                },
                {
                    "name":"Water",
                    "quantity":6
                },
                {
                    "name":"Distilling mash",
                    "quantity":15
                },
                {
                    "name":"Strong crockery",
                    "quantity":4
                }
            ]
        },
        {
            "name":"Whiskey",
            "quantity":6,
            "stationLvl":7,
            "tiers":5,
            "ingredients":[
                {
                    "name":"Corn",
                    "quantity":12
                },
                {
                    "name":"Resin",
                    "quantity":40
                },
                {
                    "name":"Water",
                    "quantity":6
                },
                {
                    "name":"Distilling mash",
                    "quantity":4
                },
                {
                    "name":"Unbreakable crockery",
                    "quantity":6
                }
            ]
        },
        {
            "name":"Large labor potion",
            "quantity":1,
            "stationLvl":7,
            "tiers":5,
            "ingredients":[
                {
                    "name":"Bottle",
                    "quantity":4
                },
                {
                    "name":"Base elixir",
                    "quantity":5
                },
                {
                    "name":"Yeast",
                    "quantity":22
                },
                {
                    "name":"Watermelon",
                    "quantity":4
                },
                {
                    "name":"Caprivee horn",
                    "quantity":1
                }
            ]
        },
        {
            "name":"Huge healing potion",
            "quantity":30,
            "stationLvl":7,
            "tiers":5,
            "ingredients":[
                {
                    "name":"Caprivee meat",
                    "quantity":18
                },
                {
                    "name":"Base elixir",
                    "quantity":96
                },
                {
                    "name":"Bottle",
                    "quantity":6
                },
                {
                    "name":"Unicorn blood",
                    "quantity":18
                }
            ]
        },
        {
            "name":"Huge mana potion",
            "quantity":15,
            "stationLvl":7,
            "tiers":5,
            "ingredients":[
                {
                    "name":"Corn",
                    "quantity":24
                },
                {
                    "name":"Base elixir",
                    "quantity":48
                },
                {
                    "name":"Bottle",
                    "quantity":6
                },
                {
                    "name":"Unicorn blood",
                    "quantity":9
                }
            ]
        },
        {
            "name":"Gin",
            "quantity":4,
            "stationLvl":7,
            "tiers":5,
            "ingredients":[
                {
                    "name":"Corn",
                    "quantity":12
                },
                {
                    "name":"Wheat",
                    "quantity":8
                },
                {
                    "name":"Water",
                    "quantity":4
                },
                {
                    "name":"Distilling mash",
                    "quantity":4
                },
                {
                    "name":"Unbreakable crockery",
                    "quantity":4
                }
            ]
        }
    ]
}
