{
    "recipes" : [
        {
            "name":"Titanium swords",
            "quantity":1,
            "stationLvl":1,
            "tiers":1,
            "ingredients":[
                {
                    "name":"Copper swords",
                    "quantity":1
                },
                {
                    "name":"Titanium ingot",
                    "quantity":1
                },
                {
                    "name":"Softwood plank",
                    "quantity":1
                },
                {
                    "name":"Flickering spark",
                    "quantity":1
                }
            ]
        },
        {
            "name":"Glass",
            "quantity":30,
            "stationLvl":1,
            "tiers":1,
            "ingredients":[
                {
                    "name":"Gypsum",
                    "quantity":30
                },
                {
                    "name":"Sandstone",
                    "quantity":6
                }
            ]
        },
        {
            "name":"Portable brazier",
            "quantity":1,
            "stationLvl":1,
            "tiers":1,
            "ingredients":[
                {
                    "name":"Copper ingot",
                    "quantity":2
                },
                {
                    "name":"Softwood log",
                    "quantity":2
                }
            ]
        },
        {
            "name":"Sewing tools",
            "quantity":1,
            "stationLvl":1,
            "tiers":1,
            "ingredients":[
                {
                    "name":"Animal bones",
                    "quantity":1
                },
                {
                    "name":"Copper ingot",
                    "quantity":1
                }
            ]
        },
        {
            "name":"Copper swords",
            "quantity":1,
            "stationLvl":1,
            "tiers":1,
            "ingredients":[
                {
                    "name":"Copper ingot",
                    "quantity":16
                },
                {
                    "name":"Softwood plank",
                    "quantity":8
                }
            ]
        },
        {
            "name":"Saw",
            "quantity":1,
            "stationLvl":1,
            "tiers":1,
            "ingredients":[
                {
                    "name":"Softwood plank",
                    "quantity":2
                },
                {
                    "name":"Copper ingot",
                    "quantity":3
                }
            ]
        },
        {
            "name":"Tattered plate helmet",
            "quantity":1,
            "stationLvl":1,
            "tiers":1,
            "ingredients":[
                {
                    "name":"Copper ingot",
                    "quantity":15
                },
                {
                    "name":"String",
                    "quantity":5
                },
                {
                    "name":"Basic leather",
                    "quantity":5
                },
                {
                    "name":"Flickering ember",
                    "quantity":10
                }
            ]
        },
        {
            "name":"Tattered plate gloves",
            "quantity":1,
            "stationLvl":1,
            "tiers":1,
            "ingredients":[
                {
                    "name":"Copper ingot",
                    "quantity":15
                },
                {
                    "name":"String",
                    "quantity":5
                },
                {
                    "name":"Basic leather",
                    "quantity":5
                },
                {
                    "name":"Flickering ember",
                    "quantity":10
                }
            ]
        },
        {
            "name":"Tattered plate chest",
            "quantity":1,
            "stationLvl":1,
            "tiers":1,
            "ingredients":[
                {
                    "name":"Copper ingot",
                    "quantity":25
                },
                {
                    "name":"Titanium ingot",
                    "quantity":5
                },
                {
                    "name":"String",
                    "quantity":10
                },
                {
                    "name":"Flickering ember",
                    "quantity":15
                }
            ]
        },
        {
            "name":"Tattered plate boots",
            "quantity":1,
            "stationLvl":1,
            "tiers":1,
            "ingredients":[
                {
                    "name":"Copper ingot",
                    "quantity":20
                },
                {
                    "name":"Titanium ingot",
                    "quantity":5
                },
                {
                    "name":"Basic leather",
                    "quantity":7
                },
                {
                    "name":"Flickering ember",
                    "quantity":15
                }
            ]
        },
        {
            "name":"Basic metal materials",
            "quantity":1,
            "stationLvl":1,
            "tiers":1,
            "ingredients":[
                {
                    "name":"Copper ingot",
                    "quantity":15
                },
                {
                    "name":"Titanium ingot",
                    "quantity":5
                }
            ]
        },
        {
            "name":"Charcoal tablet",
            "quantity":1,
            "stationLvl":2,
            "tiers":1,
            "ingredients":[
                {
                    "name":"Gypsum",
                    "quantity":2
                },
                {
                    "name":"Softwood log",
                    "quantity":2
                },
                {
                    "name":"Water",
                    "quantity":2
                }
            ]
        },
        {
            "name":"Nails",
            "quantity":1,
            "stationLvl":2,
            "tiers":1,
            "ingredients":[
                {
                    "name":"Titanium ingot",
                    "quantity":2
                }
            ]
        },
        {
            "name":"Minor vitality ring",
            "quantity":1,
            "stationLvl":2,
            "tiers":1,
            "ingredients":[
                {
                    "name":"Titanium ingot",
                    "quantity":24
                },
                {
                    "name":"Amber fragments",
                    "quantity":24
                },
                {
                    "name":"Minor mold",
                    "quantity":5
                },
                {
                    "name":"Flickering ember",
                    "quantity":40
                }
            ]
        },
        {
            "name":"Minor lethality ring",
            "quantity":1,
            "stationLvl":2,
            "tiers":1,
            "ingredients":[
                {
                    "name":"Copper ingot",
                    "quantity":24
                },
                {
                    "name":"Animal bones",
                    "quantity":16
                },
                {
                    "name":"Minor mold",
                    "quantity":5
                },
                {
                    "name":"Flickering ember",
                    "quantity":40
                }
            ]
        },
        {
            "name":"Minor mana ring",
            "quantity":1,
            "stationLvl":2,
            "tiers":1,
            "ingredients":[
                {
                    "name":"Titanium ingot",
                    "quantity":24
                },
                {
                    "name":"Sandstone block",
                    "quantity":16
                },
                {
                    "name":"Minor mold",
                    "quantity":5
                },
                {
                    "name":"Flickering ember",
                    "quantity":40
                }
            ]
        },
        {
            "name":"Iron swords",
            "quantity":1,
            "stationLvl":2,
            "tiers":2,
            "ingredients":[
                {
                    "name":"Titanium swords",
                    "quantity":1
                },
                {
                    "name":"Iron ingot",
                    "quantity":16
                },
                {
                    "name":"Medium wood plank",
                    "quantity":16
                },
                {
                    "name":"Glowing spark",
                    "quantity":40
                }
            ]
        },
        {
            "name":"Squire's plate helmet",
            "quantity":1,
            "stationLvl":2,
            "tiers":2,
            "ingredients":[
                {
                    "name":"Iron ingot",
                    "quantity":30
                },
                {
                    "name":"Cotton thread",
                    "quantity":10
                },
                {
                    "name":"Steady leather",
                    "quantity":10
                },
                {
                    "name":"Glowing ember",
                    "quantity":20
                }
            ]
        },
        {
            "name":"Squire's plate gloves",
            "quantity":1,
            "stationLvl":2,
            "tiers":2,
            "ingredients":[
                {
                    "name":"Iron ingot",
                    "quantity":30
                },
                {
                    "name":"Cotton thread",
                    "quantity":10
                },
                {
                    "name":"Steady leather",
                    "quantity":10
                },
                {
                    "name":"Glowing ember",
                    "quantity":20
                }
            ]
        },
        {
            "name":"Steady metal materials",
            "quantity":1,
            "stationLvl":2,
            "tiers":2,
            "ingredients":[
                {
                    "name":"Iron ingot",
                    "quantity":15
                },
                {
                    "name":"Silver ingot",
                    "quantity":5
                }
            ]
        },
        {
            "name":"Ritual horn",
            "quantity":1,
            "stationLvl":2,
            "tiers":2,
            "ingredients":[
                {
                    "name":"Goat horn",
                    "quantity":2
                },
                {
                    "name":"Copper ingot",
                    "quantity":2
                },
                {
                    "name":"Dye",
                    "quantity":2
                }
            ]
        },
        {
            "name":"Silver swords",
            "quantity":1,
            "stationLvl":2,
            "tiers":2,
            "ingredients":[
                {
                    "name":"Iron swords",
                    "quantity":1
                },
                {
                    "name":"Silver ingot",
                    "quantity":32
                },
                {
                    "name":"Medium wood plank",
                    "quantity":16
                },
                {
                    "name":"Glowing spark",
                    "quantity":40
                }
            ]
        },
        {
            "name":"Squire's plate chest",
            "quantity":1,
            "stationLvl":2,
            "tiers":2,
            "ingredients":[
                {
                    "name":"Iron ingot",
                    "quantity":50
                },
                {
                    "name":"Silver ingot",
                    "quantity":10
                },
                {
                    "name":"Cotton thread",
                    "quantity":16
                },
                {
                    "name":"Glowing ember",
                    "quantity":40
                }
            ]
        },
        {
            "name":"Squire's plate boots",
            "quantity":1,
            "stationLvl":2,
            "tiers":2,
            "ingredients":[
                {
                    "name":"Iron ingot",
                    "quantity":40
                },
                {
                    "name":"Silver ingot",
                    "quantity":10
                },
                {
                    "name":"Steady leather",
                    "quantity":10
                },
                {
                    "name":"Glowing ember",
                    "quantity":30
                }
            ]
        },
        {
            "name":"Lesser vitality ring",
            "quantity":1,
            "stationLvl":3,
            "tiers":2,
            "ingredients":[
                {
                    "name":"Silver ingot",
                    "quantity":24
                },
                {
                    "name":"Lumen essence",
                    "quantity":24
                },
                {
                    "name":"Lesser mold",
                    "quantity":5
                },
                {
                    "name":"Glowing ember",
                    "quantity":40
                }
            ]
        },
        {
            "name":"Lesser lethality ring",
            "quantity":1,
            "stationLvl":3,
            "tiers":2,
            "ingredients":[
                {
                    "name":"Silver ingot",
                    "quantity":24
                },
                {
                    "name":"Goat horn",
                    "quantity":8
                },
                {
                    "name":"Lesser mold",
                    "quantity":5
                },
                {
                    "name":"Glowing ember",
                    "quantity":40
                }
            ]
        },
        {
            "name":"Lesser mana ring",
            "quantity":1,
            "stationLvl":3,
            "tiers":2,
            "ingredients":[
                {
                    "name":"Silver ingot",
                    "quantity":24
                },
                {
                    "name":"Slate block",
                    "quantity":16
                },
                {
                    "name":"Lesser mold",
                    "quantity":5
                },
                {
                    "name":"Glowing ember",
                    "quantity":40
                }
            ]
        },
        {
            "name":"Golden swords",
            "quantity":1,
            "stationLvl":4,
            "tiers":3,
            "ingredients":[
                {
                    "name":"Silver swords",
                    "quantity":1
                },
                {
                    "name":"Gold ingot",
                    "quantity":32
                },
                {
                    "name":"Flexible wood plank",
                    "quantity":16
                },
                {
                    "name":"Shining spark",
                    "quantity":40
                }
            ]
        },
        {
            "name":"Sentinel's plate helmet",
            "quantity":1,
            "stationLvl":4,
            "tiers":3,
            "ingredients":[
                {
                    "name":"Gold ingot",
                    "quantity":30
                },
                {
                    "name":"Wool ball",
                    "quantity":10
                },
                {
                    "name":"Stiff leather",
                    "quantity":10
                },
                {
                    "name":"Shining ember",
                    "quantity":20
                }
            ]
        },
        {
            "name":"Sentinel's plate gloves",
            "quantity":1,
            "stationLvl":4,
            "tiers":3,
            "ingredients":[
                {
                    "name":"Gold ingot",
                    "quantity":30
                },
                {
                    "name":"Wool ball",
                    "quantity":10
                },
                {
                    "name":"Stiff leather",
                    "quantity":10
                },
                {
                    "name":"Shining ember",
                    "quantity":20
                }
            ]
        },
        {
            "name":"Sturdy metal materials",
            "quantity":1,
            "stationLvl":4,
            "tiers":3,
            "ingredients":[
                {
                    "name":"Gold ingot",
                    "quantity":15
                },
                {
                    "name":"Platinum ingot",
                    "quantity":5
                }
            ]
        },
        {
            "name":"Platinum swords",
            "quantity":1,
            "stationLvl":5,
            "tiers":3,
            "ingredients":[
                {
                    "name":"Golden swords",
                    "quantity":1
                },
                {
                    "name":"Platinum ingot",
                    "quantity":32
                },
                {
                    "name":"Flexible wood plank",
                    "quantity":16
                },
                {
                    "name":"Shining spark",
                    "quantity":40
                }
            ]
        },
        {
            "name":"Sentinel's plate chest",
            "quantity":1,
            "stationLvl":5,
            "tiers":3,
            "ingredients":[
                {
                    "name":"Gold ingot",
                    "quantity":50
                },
                {
                    "name":"Platinum ingot",
                    "quantity":10
                },
                {
                    "name":"Wool ball",
                    "quantity":10
                },
                {
                    "name":"Shining ember",
                    "quantity":40
                }
            ]
        },
        {
            "name":"Strong lethality ring",
            "quantity":1,
            "stationLvl":5,
            "tiers":3,
            "ingredients":[
                {
                    "name":"Gold ingot",
                    "quantity":24
                },
                {
                    "name":"Goat horn",
                    "quantity":16
                },
                {
                    "name":"Strong mold",
                    "quantity":5
                },
                {
                    "name":"Shining ember",
                    "quantity":40
                }
            ]
        },
        {
            "name":"Strong mana ring",
            "quantity":1,
            "stationLvl":5,
            "tiers":3,
            "ingredients":[
                {
                    "name":"Platinum ingot",
                    "quantity":24
                },
                {
                    "name":"Quartz block",
                    "quantity":16
                },
                {
                    "name":"Strong mold",
                    "quantity":5
                },
                {
                    "name":"Shining ember",
                    "quantity":40
                }
            ]
        },
        {
            "name":"Strong vitality ring",
            "quantity":1,
            "stationLvl":5,
            "tiers":3,
            "ingredients":[
                {
                    "name":"Platinum ingot",
                    "quantity":24
                },
                {
                    "name":"Moon dust",
                    "quantity":24
                },
                {
                    "name":"Strong mold",
                    "quantity":5
                },
                {
                    "name":"Shining ember",
                    "quantity":40
                }
            ]
        },
        {
            "name":"Sentinel's plate boots",
            "quantity":1,
            "stationLvl":5,
            "tiers":3,
            "ingredients":[
                {
                    "name":"Gold ingot",
                    "quantity":40
                },
                {
                    "name":"Platinum ingot",
                    "quantity":10
                },
                {
                    "name":"Stiff leather",
                    "quantity":10
                },
                {
                    "name":"Shining ember",
                    "quantity":30
                }
            ]
        },
        {
            "name":"Orichalcum swords",
            "quantity":1,
            "stationLvl":5,
            "tiers":4,
            "ingredients":[
                {
                    "name":"Platinum swords",
                    "quantity":1
                },
                {
                    "name":"Orichalcum ingot",
                    "quantity":64
                },
                {
                    "name":"Hardwood plank",
                    "quantity":32
                },
                {
                    "name":"Radiant spark",
                    "quantity":80
                }
            ]
        },
        {
            "name":"Soldier's plate gloves",
            "quantity":1,
            "stationLvl":5,
            "tiers":4,
            "ingredients":[
                {
                    "name":"Orichalcum ingot",
                    "quantity":60
                },
                {
                    "name":"Linen thread",
                    "quantity":20
                },
                {
                    "name":"Tough leather",
                    "quantity":20
                },
                {
                    "name":"Radiant ember",
                    "quantity":40
                }
            ]
        },
        {
            "name":"Soldier's plate helmet",
            "quantity":1,
            "stationLvl":5,
            "tiers":4,
            "ingredients":[
                {
                    "name":"Orichalcum ingot",
                    "quantity":60
                },
                {
                    "name":"Linen thread",
                    "quantity":20
                },
                {
                    "name":"Tough leather",
                    "quantity":20
                },
                {
                    "name":"Radiant ember",
                    "quantity":40
                }
            ]
        },
        {
            "name":"Strong metal materials",
            "quantity":1,
            "stationLvl":5,
            "tiers":4,
            "ingredients":[
                {
                    "name":"Orichalcum ingot",
                    "quantity":15
                },
                {
                    "name":"Mithril ingot",
                    "quantity":5
                }
            ]
        },
        {
            "name":"Mithril swords",
            "quantity":1,
            "stationLvl":6,
            "tiers":4,
            "ingredients":[
                {
                    "name":"Orichalcum swords",
                    "quantity":1
                },
                {
                    "name":"Mithril ingot",
                    "quantity":64
                },
                {
                    "name":"Hardwood plank",
                    "quantity":32
                },
                {
                    "name":"Radiant spark",
                    "quantity":80
                }
            ]
        },
        {
            "name":"Ceremonial ring",
            "quantity":1,
            "stationLvl":6,
            "tiers":4,
            "ingredients":[
                {
                    "name":"Gold ingot",
                    "quantity":2
                },
                {
                    "name":"Platinum ingot",
                    "quantity":2
                },
                {
                    "name":"Mithril ingot",
                    "quantity":2
                }
            ]
        },
        {
            "name":"Soldier's plate boots",
            "quantity":1,
            "stationLvl":6,
            "tiers":4,
            "ingredients":[
                {
                    "name":"Orichalcum ingot",
                    "quantity":80
                },
                {
                    "name":"Mithril ingot",
                    "quantity":20
                },
                {
                    "name":"Tough leather",
                    "quantity":20
                },
                {
                    "name":"Radiant ember",
                    "quantity":60
                }
            ]
        },
        {
            "name":"Mighty lethality ring",
            "quantity":1,
            "stationLvl":6,
            "tiers":4,
            "ingredients":[
                {
                    "name":"Orichalcum ingot",
                    "quantity":24
                },
                {
                    "name":"Cow horn",
                    "quantity":8
                },
                {
                    "name":"Mighty mold",
                    "quantity":5
                },
                {
                    "name":"Radiant ember",
                    "quantity":40
                }
            ]
        },
        {
            "name":"Mighty vitality ring",
            "quantity":1,
            "stationLvl":6,
            "tiers":4,
            "ingredients":[
                {
                    "name":"Mithril ingot",
                    "quantity":24
                },
                {
                    "name":"Nymph tears",
                    "quantity":24
                },
                {
                    "name":"Mighty mold",
                    "quantity":5
                },
                {
                    "name":"Radiant ember",
                    "quantity":40
                }
            ]
        },
        {
            "name":"Mighty mana ring",
            "quantity":1,
            "stationLvl":6,
            "tiers":4,
            "ingredients":[
                {
                    "name":"Mithril ingot",
                    "quantity":24
                },
                {
                    "name":"Basalt block",
                    "quantity":16
                },
                {
                    "name":"Mighty mold",
                    "quantity":5
                },
                {
                    "name":"Radiant ember",
                    "quantity":40
                }
            ]
        },
        {
            "name":"Soldier's plate chest",
            "quantity":1,
            "stationLvl":6,
            "tiers":4,
            "ingredients":[
                {
                    "name":"Orichalcum ingot",
                    "quantity":100
                },
                {
                    "name":"Mithril ingot",
                    "quantity":20
                },
                {
                    "name":"Linen thread",
                    "quantity":20
                },
                {
                    "name":"Radiant ember",
                    "quantity":80
                }
            ]
        },
        {
            "name":"Champion's plate boots",
            "quantity":1,
            "stationLvl":7,
            "tiers":5,
            "ingredients":[
                {
                    "name":"Obsidian ingot",
                    "quantity":80
                },
                {
                    "name":"Alurita ingot",
                    "quantity":20
                },
                {
                    "name":"Hardened leather",
                    "quantity":20
                },
                {
                    "name":"Blazing ember",
                    "quantity":60
                }
            ]
        },
        {
            "name":"Ceremonial horn",
            "quantity":1,
            "stationLvl":7,
            "tiers":5,
            "ingredients":[
                {
                    "name":"Caprivee horn",
                    "quantity":1
                },
                {
                    "name":"Gold ingot",
                    "quantity":6
                },
                {
                    "name":"Obsidian ingot",
                    "quantity":6
                }
            ]
        },
        {
            "name":"Obsidian swords",
            "quantity":1,
            "stationLvl":7,
            "tiers":5,
            "ingredients":[
                {
                    "name":"Mithril swords",
                    "quantity":1
                },
                {
                    "name":"Obsidian ingot",
                    "quantity":64
                },
                {
                    "name":"Unbreakable wood plank",
                    "quantity":32
                },
                {
                    "name":"Blazing spark",
                    "quantity":80
                }
            ]
        },
        {
            "name":"Alurita swords",
            "quantity":1,
            "stationLvl":7,
            "tiers":5,
            "ingredients":[
                {
                    "name":"Obsidian swords",
                    "quantity":1
                },
                {
                    "name":"Alurita ingot",
                    "quantity":64
                },
                {
                    "name":"Unbreakable wood plank",
                    "quantity":32
                },
                {
                    "name":"Blazing spark",
                    "quantity":80
                }
            ]
        },
        {
            "name":"Champion's plate helmet",
            "quantity":1,
            "stationLvl":7,
            "tiers":5,
            "ingredients":[
                {
                    "name":"Obsidian ingot",
                    "quantity":60
                },
                {
                    "name":"Fine Wool ball",
                    "quantity":20
                },
                {
                    "name":"Hardened leather",
                    "quantity":20
                },
                {
                    "name":"Blazing ember",
                    "quantity":40
                }
            ]
        },
        {
            "name":"Champion's plate gloves",
            "quantity":1,
            "stationLvl":7,
            "tiers":5,
            "ingredients":[
                {
                    "name":"Obsidian ingot",
                    "quantity":60
                },
                {
                    "name":"Fine Wool ball",
                    "quantity":20
                },
                {
                    "name":"Hardened leather",
                    "quantity":20
                },
                {
                    "name":"Blazing ember",
                    "quantity":40
                }
            ]
        },
        {
            "name":"Champion's plate chest",
            "quantity":1,
            "stationLvl":7,
            "tiers":5,
            "ingredients":[
                {
                    "name":"Obsidian ingot",
                    "quantity":100
                },
                {
                    "name":"Alurita ingot",
                    "quantity":20
                },
                {
                    "name":"Fine Wool ball",
                    "quantity":20
                },
                {
                    "name":"Blazing ember",
                    "quantity":80
                }
            ]
        },
        {
            "name":"Ceremonial crown",
            "quantity":1,
            "stationLvl":7,
            "tiers":5,
            "ingredients":[
                {
                    "name":"Gold ingot",
                    "quantity":10
                },
                {
                    "name":"Platinum ingot",
                    "quantity":6
                },
                {
                    "name":"Mithril ingot",
                    "quantity":4
                },
                {
                    "name":"Alurita ingot",
                    "quantity":4
                }
            ]
        },
        {
            "name":"Fabled lethality ring",
            "quantity":1,
            "stationLvl":7,
            "tiers":5,
            "ingredients":[
                {
                    "name":"Obsidian ingot",
                    "quantity":24
                },
                {
                    "name":"Caprivee horn",
                    "quantity":8
                },
                {
                    "name":"Fabled mold",
                    "quantity":5
                },
                {
                    "name":"Blazing ember",
                    "quantity":40
                }
            ]
        },
        {
            "name":"Fabled mana ring",
            "quantity":1,
            "stationLvl":7,
            "tiers":5,
            "ingredients":[
                {
                    "name":"Alurita ingot",
                    "quantity":24
                },
                {
                    "name":"Kronita block",
                    "quantity":16
                },
                {
                    "name":"Fabled mold",
                    "quantity":5
                },
                {
                    "name":"Blazing ember",
                    "quantity":40
                }
            ]
        },
        {
            "name":"Fabled vitality ring",
            "quantity":1,
            "stationLvl":7,
            "tiers":5,
            "ingredients":[
                {
                    "name":"Alurita ingot",
                    "quantity":24
                },
                {
                    "name":"Unicorn blood",
                    "quantity":24
                },
                {
                    "name":"Fabled mold",
                    "quantity":5
                },
                {
                    "name":"Blazing ember",
                    "quantity":40
                }
            ]
        },
        {
            "name":"Ferocity ring",
            "quantity":1,
            "stationLvl":7,
            "tiers":5,
            "ingredients":[
                {
                    "name":"Obsidian ingot",
                    "quantity":24
                },
                {
                    "name":"Pearl",
                    "quantity":2
                },
                {
                    "name":"Caprivee horn",
                    "quantity":8
                },
                {
                    "name":"Fabled mold",
                    "quantity":5
                },
                {
                    "name":"Blazing ember",
                    "quantity":40
                }
            ]
        },
        {
            "name":"Arcane ring",
            "quantity":1,
            "stationLvl":7,
            "tiers":5,
            "ingredients":[
                {
                    "name":"Alurita ingot",
                    "quantity":24
                },
                {
                    "name":"Pearl",
                    "quantity":2
                },
                {
                    "name":"Unicorn blood",
                    "quantity":24
                },
                {
                    "name":"Fabled mold",
                    "quantity":5
                },
                {
                    "name":"Blazing ember",
                    "quantity":40
                }
            ]
        },
        {
            "name":"Unbreakable metal materials",
            "quantity":1,
            "stationLvl":7,
            "tiers":5,
            "ingredients":[
                {
                    "name":"Obsidian ingot",
                    "quantity":15
                },
                {
                    "name":"Alurita ingot",
                    "quantity":1
                }
            ]
        }
    ]
}
