{
    "ingredients":{
        "Softwood log":{
            "img":"1.png"
        },
        "Softwood plank":{
            "img":"2.png"
        },
        "Medium wood log":{
            "img":"4.png"
        },
        "Medium wood plank":{
            "img":"3.png"
        },
        "Flexible wood log":{
            "img":"5.png"
        },
        "Flexible wood plank":{
            "img":"6.png"
        },
        "Hardwood log":{
            "img":"7.png"
        },
        "Hardwood plank":{
            "img":"8.png"
        },
        "Unbreakable wood log":{
            "img":"9.png"
        },
        "Unbreakable wood plank":{
            "img":"10.png"
        },
        "Salt":{
            "img":"11.png"
        },
        "Gypsum":{
            "img":"12.png"
        },
        "Sandstone":{
            "img":"13.png",
            "rarity":"uncommon"
        },
        "Gypsum block":{
            "img":"14.png"
        },
        "Sandstone block":{
            "img":"15.png",
            "rarity":"uncommon"
        },
        "Clay block":{
            "img":"16.png"
        },
        "Clay":{
            "img":"17.png"
        },
        "Slate block":{
            "img":"18.png",
            "rarity":"uncommon"
        },
        "Slate":{
            "img":"19.png",
            "rarity":"uncommon"
        },
        "Glowing ember":{
            "img":"20.png",
            "rarity":"uncommon"
        },
        "Flickering ember":{
            "img":"21.png",
            "rarity":"uncommon"
        },
        "Shining ember":{
            "img":"22.png",
            "rarity":"uncommon"
        },
        "Limestone block":{
            "img":"23.png",
            "rarity":"uncommon"
        },
        "Limestone":{
            "img":"24.png",
            "rarity":"uncommon"
        },
        "Quartz block":{
            "img":"25.png",
            "rarity":"uncommon"
        },
        "Quartz":{
            "img":"26.png",
            "rarity":"uncommon"
        },
        "Granite block":{
            "img":"27.png",
            "rarity":"uncommon"
        },
        "Granite":{
            "img":"28.png",
            "rarity":"uncommon"
        },
        "Basalt block":{
            "img":"29.png",
            "rarity":"uncommon"
        },
        "Basalt":{
            "img":"30.png",
            "rarity":"uncommon"
        },
        "Marble block":{
            "img":"31.png",
            "rarity":"uncommon"
        },
        "Marble":{
            "img":"32.png",
            "rarity":"uncommon"
        },
        "Kronita block":{
            "img":"33.png",
            "rarity":"rare"
        },
        "Kronita":{
            "img":"34.png",
            "rarity":"rare"
        },
        "Glass":{
            "img":"35.png"
        },
        "Copper ingot":{
            "img":"36.png"
        },
        "Copper":{
            "img":"37.png"
        },
        "Titanium ingot":{
            "img":"38.png",
            "rarity":"uncommon"
        },
        "Titanium":{
            "img":"39.png",
            "rarity":"uncommon"
        },
        "Iron ingot":{
            "img":"40.png"
        },
        "Iron":{
            "img":"41.png"
        },
        "Silver ingot":{
            "img":"42.png",
            "rarity":"uncommon"
        },
        "Silver":{
            "img":"43.png",
            "rarity":"uncommon"
        },
        "Glowing spark":{
            "img":"44.png",
            "rarity":"uncommon"
        },
        "Gold ingot":{
            "img":"45.png"
        },
        "Gold":{
            "img":"46.png"
        },
        "Platinum ingot":{
            "img":"47.png",
            "rarity":"uncommon"
        },
        "Platinum":{
            "img":"48.png",
            "rarity":"uncommon"
        },
        "Shining spark":{
            "img":"49.png",
            "rarity":"uncommon"
        },
        "Orichalcum ingot":{
            "img":"50.png"
        },
        "Orichalcum":{
            "img":"51.png"
        },
        "Mithril ingot":{
            "img":"52.png",
            "rarity":"uncommon"
        },
        "Mithril":{
            "img":"53.png",
            "rarity":"uncommon"
        },
        "Obsidian ingot":{
            "img":"54.png"
        },
        "Obsidian":{
            "img":"55.png"
        },
        "Alurita ingot":{
            "img":"56.png",
            "rarity":"rare"
        },
        "Alurita":{
            "img":"57.png",
            "rarity":"rare"
        },
        "Flickering spark":{
            "img":"58.png"
        },
        "Basic leather":{
            "img":"59.png"
        },
        "Rabbit fur":{
            "img":"60.png"
        },
        "Steady leather":{
            "img":"61.png"
        },
        "Goat skin":{
            "img":"62.png"
        },
        "Stiff leather":{
            "img":"63.png"
        },
        "Pork skin":{
            "img":"64.png"
        },
        "Tough leather":{
            "img":"65.png"
        },
        "Cow skin":{
            "img":"66.png"
        },
        "Hardened leather":{
            "img":"67.png"
        },
        "Caprivee skin":{
            "img":"68.png"
        },
        "String":{
            "img":"69.png"
        },
        "Fiber":{
            "img":"70.png"
        },
        "Cotton thread":{
            "img":"71.png"
        },
        "Cotton fiber":{
            "img":"72.png"
        },
        "Wool ball":{
            "img":"73.png"
        },
        "Sheep wool":{
            "img":"74.png"
        },
        "Linen thread":{
            "img":"75.png"
        },
        "Linen fiber":{
            "img":"76.png"
        },
        "Fine wool ball":{
            "img":"77.png"
        },
        "Caprivee wool":{
            "img":"78.png"
        },
        "Bottle":{
            "img":"79.png"
        },
        "Base elixir":{
            "img":"80.png"
        },
        "Carrot":{
            "img":"121.png"
        },
        "Potato":{
            "img":"122.png"
        },
        "Cucumber":{
            "img":"123.png"
        },
        "Garlic":{
            "img":"124.png"
        },
        "Radish":{
            "img":"87.png"
        },
        "Beetroot":{
            "img":"88.png"
        },
        "Onion":{
            "img":"125.png"
        },
        "Tomato":{
            "img":"126.png"
        },
        "Cabbage":{
            "img":"81.png"
        },
        "Pumpkin":{
            "img":"127.png"
        },
        "Minor healing potion":{
            "img":"82.png"
        },
        "Hen egg":{
            "img":"83.png"
        },
        "Amber fragments":{
            "img":"90.png"
        },
        "Hen meat":{
            "img":"129.png"
        },
        "Rabbit meat":{
            "img":"130.png"
        },
        "Minor mana potion":{
            "img":"84.png"
        },
        "Dye":{
            "img":"85.png"
        },
        "Animal flour":{
            "img":"86.png"
        },
        "Lumen essence":{
            "img":"89.png",
            "rarity":"uncommon"
        },
        "Moon dust":{
            "img":"91.png",
            "rarity":"uncommon"
        },
        "Nebulous pearl":{
            "img":"92.png",
            "rarity":"epic"
        },
        "Pearl":{
            "img":"93.png",
            "rarity":"epic"
        },
        "Precious dust":{
            "img":"94.png",
            "rarity":"rare"
        },
        "Basic meat":{
            "img":"95.png"
        },
        "Basic crockery":{
            "img":"96.png"
        },
        "Yeast":{
            "img":"97.png"
        },
        "Wax":{
            "img":"98.png"
        },
        "Carrot seads bundle":{
            "img":"99.png"
        },
        "Carrot seads":{
            "img":"100.png"
        },
        "Cucumber seads bundle":{
            "img":"101.png"
        },
        "Cucumber seads":{
            "img":"102.png"
        },
        "Garlic seads bundle":{
            "img":"103.png"
        },
        "Garlic seads":{
            "img":"104.png"
        },
        "Potato seads bundle":{
            "img":"105.png"
        },
        "Potato seads":{
            "img":"106.png"
        },
        "Animal fat":{
            "img":"107.png"
        },
        "Pork meat":{
            "img":"108.png"
        },
        "Beetroot seads bundle":{
            "img":"109.png"
        },
        "Beetroot seads":{
            "img":"110.png"
        },
        "Onion seads bundle":{
            "img":"111.png"
        },
        "Onion seads":{
            "img":"112.png"
        },
        "Radish seads bundle":{
            "img":"113.png"
        },
        "Radish seads":{
            "img":"114.png"
        },
        "Corn kernels":{
            "img":"115.png"
        },
        "Corn":{
            "img":"116.png"
        },
        "Distilling mash":{
            "img":"118.png"
        },
        "Animal bones":{
            "img":"131.png"
        },
        "Goat horn":{
            "img":"132.png",
            "rarity":"rare"
        },
        "Cow horn":{
            "img":"133.png",
            "rarity":"rare"
        },
        "Oil":{
            "img":"134.png"
        },
        "Sunflower":{
            "img":"135.png"
        },
        "Flour":{
            "img":"136.png"
        },
        "Wheat":{
            "img":"137.png"
        },
        "Caprivee horn":{
            "img":"120.png",
            "rarity":"rare"
        },
        "Watermelon":{
            "img":"128.png"
        },
        "Tattered leather boots":{
            "img":"140.png",
            "rarity":"rare"
        },
        "Tattered leather chest":{
            "img":"139.png",
            "rarity":"rare"
        },
        "Tattered leather gloves":{
            "img":"138.png",
            "rarity":"rare"
        },
        "Tattered leather hood":{
            "img":"141.png",
            "rarity":"rare"
        },
        "Diaper":{
            "img":"142.png"
        },
        "Leather ball":{
            "img":"143.png"
        },
        "Squire's leather gloves":{
            "img":"144.png",
            "rarity":"rare"
        },
        "Squire's leather hood":{
            "img":"145.png",
            "rarity":"rare"
        },
        "Worker apron":{
            "img":"146.png"
        },
        "Cushion":{
            "img":"147.png",
            "rarity":"rare"
        },
        "Embossed leather painting":{
            "img":"149.png"
        },
        "Protective case":{
            "img":"150.png"
        },
        "Squire's leather boots":{
            "img":"151.png",
            "rarity":"rare"
        },
        "Squire's leather chest":{
            "img":"152.png",
            "rarity":"rare"
        },
        "Sentinel's leather boots":{
            "img":"148.png",
            "rarity":"rare"
        },
        "Sentinel's leather gloves":{
            "img":"153.png",
            "rarity":"rare"
        },
        "Sentinel's leather helmet":{
            "img":"154.png",
            "rarity":"rare"
        },
        "Sentinel's leather chest":{
            "img":"156.png",
            "rarity":"rare"
        },
        "Soldier's leather gloves":{
            "img":"157.png",
            "rarity":"rare"
        },
        "Soldier's leather helmet":{
            "img":"158.png",
            "rarity":"rare"
        },
        "Soldier's leather boots":{
            "img":"159.png",
            "rarity":"rare"
        },
        "Soldier's leather chest":{
            "img":"160.png",
            "rarity":"rare"
        },
        "Ceremonial belt":{
            "img":"161.png",
            "rarity":"rare"
        },
        "Champion's leather boots":{
            "img":"148.png",
            "rarity":"rare"
        },
        "Champion's leather chest":{
            "img":"162.png",
            "rarity":"rare"
        },
        "Champion's leather gloves":{
            "img":"163.png",
            "rarity":"rare"
        },
        "Champion's leather helmet":{
            "img":"164.png",
            "rarity":"rare"
        },
        "Water":{
            "img":"117.png"
        },
        "Sewing tools":{
            "img":"165.png"
        },
        "Hen feather":{
            "img":"166.png",
            "rarity":"rare"
        },
        "Radiant ember":{
            "img":"167.png"
        },
        "Nails":{
            "img":"168.png",
            "rarity":"uncommon"
        },
        "Blazing ember":{
            "img":"169.png"
        },
        "Basic materials materials":{
            "img":"170.png"
        },
        "Basic wood materials":{
            "img":"171.png"
        },
        "Basic metal materials":{
            "img":"172.png"
        },
        "Basic stone materials":{
            "img":"173.png"
        },
        "Lucky pack":{
            "img":"174.png"
        },
        "Rabbit foot":{
            "img":"175.png"
        },
        "Glue pack":{
            "img":"176.png"
        },
        "Resin":{
            "img":"177.png"
        },
        "Basic blocks pack":{
            "img":"178.png"
        },
        "Steady stone materials":{
            "img":"180.png"
        },
        "Basic ingots pack":{
            "img":"181.png"
        },
        "Steady metal materials":{
            "img":"182.png"
        },
        "Basic leathers pack":{
            "img":"183.png"
        },
        "Basic planks pack":{
            "img":"184.png"
        },
        "Basic textile pack":{
            "img":"185.png"
        },
        "Basic fabric materials":{
            "img":"186.png"
        },
        "Steady fabric materials":{
            "img":"187.png"
        },
        "Steady materials pack":{
            "img":"188.png"
        },
        "Sturdy materials pack":{
            "img":"189.png"
        },
        "Sturdy wood materials":{
            "img":"190.png"
        },
        "Sturdy metal materials":{
            "img":"191.png"
        },
        "Sturdy fabric materials":{
            "img":"192.png"
        },
        "Value ingots pack":{
            "img":"193.png"
        },
        "Strong metal materials":{
            "img":"194.png"
        },
        "Value leathers pack":{
            "img":"195.png"
        },
        "Strong planks pack":{
            "img":"196.png"
        },
        "Strong wood materials":{
            "img":"197.png"
        },
        "Value textile pack":{
            "img":"198.png"
        },
        "Strong fabric materials":{
            "img":"199.png"
        },
        "Value stone pack":{
            "img":"200.png"
        },
        "Strong stone materials":{
            "img":"201.png"
        },
        "Strong materials pack":{
            "img":"202.png"
        },
        "Exotic blocks pack":{
            "img":"204.png"
        },
        "Unbreakable stone materials":{
            "img":"205.png"
        },
        "Exotic ingots pack":{
            "img":"206.png"
        },
        "Unbreakable metal materials":{
            "img":"207.png"
        },
        "Exotic planks pack":{
            "img":"208.png"
        },
        "Unbreakable wood materials":{
            "img":"209.png"
        },
        "Exotic leathers pack":{
            "img":"210.png"
        },
        "Exotic textile pack":{
            "img":"211.png"
        },
        "Unbreakable fabric materials":{
            "img":"212.png"
        },
        "Unbreakable materials pack":{
            "img":"213.png"
        },
        "Sturdy stone materials":{
           "img":"192.png"
        },
        "Steady wood materials":{
           "img":"214.png"
        },
        "Trophy pack":{
           "img":"203.png"
        },
        "Value blocks pack":{
           "img":"215.png"
        },
        "Value planks pack":{
           "img":"216.png"
        },
        "Basic materials pack":{
           "img":"217.png"
        },
        "Basics sewing pack":{
           "img":"218.png"
        },
        "Toys pack":{
           "img":"219.png"
        },
        "Bird figurine":{
           "img":"220.png"
        },
        "Woodcarving horse":{
           "img":"221.png"
        },
        "School supply pack":{
           "img":"222.png"
        },
        "Chalk":{
           "img":"223.png"
        },
        "Trinkets market pack":{
           "img":"224.png"
        },
        "Beaded bracelet":{
           "img":"225.png"
        },
        "Handkerchief":{
           "img":"226.png"
        },
        "Tapestry":{
           "img":"227.png"
        },
        "Amphora":{
           "img":"228.png"
        },
        "Veterans aid pack":{
           "img":"229.png"
        },
        "Military patch":{
           "img":"230.png"
        },
        "Ritual pack":{
           "img":"231.png"
        },
        "Ritual lantern":{
           "img":"232.png"
        },
        "Ritual mask":{
           "img":"233.png"
        },
        "Ritual necklace":{
           "img":"234.png"
        },
        "Ritual horn":{
           "img":"235.png"
        },
        "Workshop-ready pack":{
           "img":"236.png"
        },
        "Cooking basics pack":{
           "img":"237.png"
        },
        "Art collector pack":{
           "img":"238.png"
        },
        "Decorative bust":{
           "img":"239.png",
           "rarity":"uncommon"
        },
        "Mosaic":{
           "img":"240.png",
           "rarity":"uncommon"
        },
        "Ornaments pack":{
           "img":"241.png"
        },
        "Ceremonial ring":{
           "img":"242.png",
           "rarity":"uncommon"
        },
        "Ceremonial stole":{
           "img":"246.png",
           "rarity":"uncommon"
        },
        "Ceremonial crown":{
           "img":"244.png",
           "rarity":"rare"
        },
        "Ceremonial horn":{
           "img":"245.png",
           "rarity":"rare"
        },
        "Basic meats pack":{
           "img":"247.png"
        },
        "Basic vegetables pack":{
           "img":"248.png"
        },
        "Carrots pack":{
           "img":"249.png"
        },
        "Cucumbers pack":{
           "img":"250.png"
        },
        "Eggs pack":{
           "img":"251.png"
        },
        "Condiments pack":{
           "img":"252.png"
        },
        "Distiller pack":{
           "img":"253.png"
        },
        "Root harvest pack":{
           "img":"254.png"
        },
        "Gourmet meats pack":{
           "img":"255.png"
        },
        "Sheep meat":{
           "img":"256.png"
        },
        "Goat meat":{
           "img":"257.png"
        },
        "Salad essentials pack":{
           "img":"258.png"
        },
        "Pork truffle":{
           "img":"259.png",
           "rarity":"rare"
        },
        "Milks pack":{
           "img":"260.png"
        },
        "Goat milk":{
           "img":"261.png"
        },
        "Sheep milk":{
           "img":"262.png"
        },
        "Cow milk":{
           "img":"263.png"
        },
        "Delicatessen pack":{
           "img":"264.png"
        },
        "Cow beef":{
           "img":"265.png"
        },
        "Caprivee meat":{
           "img":"266.png"
        },
        "Gourmet vegetables pack":{
           "img":"268.png"
        },
        "Grain pack":{
           "img":"269.png"
        },
        "Truffles pack":{
            "img":"267.png"
        },
        "Small healing potion":{
            "img":"270.png"
        },
        "Wood pulp":{
            "img":"271.png"
        },
        "Sawdust":{
            "img":"272.png"
        },
        "Feathery stick":{
            "img":"273.png",
            "rarity":"rare"
        },
        "Saw":{
            "img":"274.png"
        },
        "Minor rune":{
            "img":"275.png",
            "rarity":"uncommon"
        },
        "Cradle":{
            "img":"276.png",
            "rarity":"rare"
        },
        "Pacifier":{
            "img":"277.png"
        },
        "Lesser rune":{
            "img":"278.png",
            "rarity":"rare"
        },
        "Steady crockery":{
            "img":"279.png"
        },
        "Firetinder":{
            "img":"280.png"
        },
        "Cot mobile":{
            "img":"281.png"
        },
        "Wooden bone":{
            "img":"282.png"
        },
        "Basket":{
            "img":"283.png"
        },
        "Strong rune":{
            "img":"284.png",
            "rarity":"rare"
        },
        "Sturdy crockery":{
            "img":"285.png"
        },
        "Firewood":{
            "img":"286.png"
        },
        "Vegetable charcoal":{
            "img":"287.png"
        },
        "Mighty rune":{
            "img":"288.png",
            "rarity":"rare"
        },
        "Strong crockery":{
            "img":"289.png"
        },
        "Toy horn":{
            "img":"290.png",
            "rarity":"rare"
        },
        "Unbreakable crockery":{
            "img":"291.png"
        },
        "Fabled rune":{
            "img":"292.png",
            "rarity":"rare"
        },
        "Sands":{
            "img":"293.png"
        },
        "Titanium swords":{
            "img":"294.png",
            "rarity":"uncommon"
        },

        "Copper swords":{
            "img":"295.png"
        },
        "Portable brazier":{
            "img":"296.png"
        },
        "Tattered plate helmet":{
            "img":"297.png",
            "rarity":"rare"
        },
        "Tattered plate gloves":{
            "img":"298.png",
            "rarity":"rare"
        },

        "Tattered plate chest":{
            "img":"299.png",
            "rarity":"rare"
        },
        "Tattered plate boots":{
            "img":"300.png",
            "rarity":"rare"
        },
        "Charcoal tablet":{
            "img":"301.png"
        },

        "Minor vitality ring":{
            "img":"302.png",
            "rarity":"rare"
        },
        "Minor lethality ring":{
            "img":"303.png",
            "rarity":"rare"
        },
        "Minor mana ring":{
            "img":"304.png",
            "rarity":"rare"
        },
        "Minor mold":{
            "img":"305.png"
        },


        "Iron swords":{
            "img":"306.png",
            "rarity":"uncommon"
        },
        "Squire's plate helmet":{
            "img":"307.png",
            "rarity":"rare"
        },
        "Squire's plate gloves":{
            "img":"308.png",
            "rarity":"rare"
        },
        "Silver swords":{
            "img":"309.png",
            "rarity":"uncommon"
        },
        "Squire's plate chest":{
            "img":"310.png",
            "rarity":"rare"
        },
        "Squire's plate boots":{
            "img":"311.png",
            "rarity":"rare"
        },
        "Lesser vitality ring":{
            "img":"312.png",
            "rarity":"rare"
        },
        "Lesser lethality ring":{
            "img":"313.png",
            "rarity":"rare"
        },
        "Lesser mana ring":{
            "img":"314.png",
            "rarity":"rare"
        },
        "Lesser mold":{
            "img":"315.png",
            "rarity":"uncommon"
        },
        "Golden swords":{
            "img":"316.png",
            "rarity":"uncommon"
        },
        "Sentinel's plate helmet":{
            "img":"317.png",
            "rarity":"rare"
        },
        "Sentinel's plate gloves":{
            "img":"318.png",
            "rarity":"rare"
        },
        "Platinum swords":{
            "img":"319.png",
            "rarity":"uncommon"
        },
        "Sentinel's plate chest":{
            "img":"320.png",
            "rarity":"rare"
        },
        "Strong lethality ring":{
            "img":"321.png",
            "rarity":"rare"
        },
        "Strong mana ring":{
            "img":"322.png",
            "rarity":"rare"
        },
        "Strong vitality ring":{
            "img":"323.png",
            "rarity":"rare"
        },
        "Strong mold":{
            "img":"324.png",
            "rarity":""
        },
        "Sentinel's plate boots":{
            "img":"325.png",
            "rarity":"rare"
        },
        "Orichalcum swords":{
            "img":"326.png",
            "rarity":"uncommon"
        },
        "Radiant spark":{
            "img":"327.png",
            "rarity":"uncommon"
        },
        "Soldier's plate gloves":{
            "img":"328.png",
            "rarity":"rare"
        },
        "Soldier's plate helmet":{
            "img":"329.png",
            "rarity":"rare"
        },
        "Mithril swords":{
            "img":"330.png",
            "rarity":"uncommon"
        },
        "Soldier's plate boots":{
            "img":"331.png",
            "rarity":"rare"
        },
        "Mighty lethality ring":{
            "img":"332.png",
            "rarity":"rare"
        },
        "Mighty vitality ring":{
            "img":"333.png",
            "rarity":"rare"
        },
        "Mighty mana ring":{
            "img":"334.png",
            "rarity":"rare"
        },
        "Mighty mold":{
            "img":"335.png",
            "rarity":"uncommon"
        },
        "Soldier's plate chest":{
            "img":"336.png",
            "rarity":"rare"
        },
        "Champion's plate boots":{
            "img":"337.png",
            "rarity":"rare"
        },
        "Obsidian swords":{
            "img":"338.png",
            "rarity":"uncommon"
        },
        "Mithril swords":{
            "img":"339.png",
            "rarity":"uncommon"
        },
        "Blazing spark":{
            "img":"340.png",
            "rarity":"uncommon"
        },
        "Alurita swords":{
            "img":"341.png",
            "rarity":""
        },
        "Nymph tears":{
            "img":"342.png",
            "rarity":"uncommon"
        },
        "Champion's plate helmet":{
            "img":"343.png",
            "rarity":"rare"
        },
        "Fine Wool ball":{
            "img":"344.png"
        },
        "Champion's plate gloves":{
            "img":"345.png",
            "rarity":"rare"
        },
        "Champion's plate chest":{
            "img":"346.png",
            "rarity":"rare"
        },
        "Fabled lethality ring":{
            "img":"347.png",
            "rarity":"rare"
        },
        "Fabled mana ring":{
            "img":"348.png",
            "rarity":"rare"
        },
        "Fabled vitality ring":{
            "img":"349.png",
            "rarity":"rare"
        },
        "Fabled mold":{
            "img":"350.png",
            "rarity":""
        },
        "Unicorn blood":{
            "img":"351.png",
            "rarity":"uncommon"
        },
        "Ferocity ring":{
            "img":"352.png",
            "rarity":"epic"
        },
        "Arcane ring":{
            "img":"353.png",
            "rarity":"epic"
        },
        "Wet soil":{
            "img":"354.png"
        },
        "Small labor potion":{
            "img":"355.png"
        },
        "Putty":{
            "img":"356.png"
        },
        "Vodka":{
            "img":"357.png"
        },
        "Stomach protector":{
            "img":"358.png"
        },
        "Antibiotic ointment":{
            "img":"359.png"
        },
        "Medicine":{
            "img":"360.png"
        },
        "Honey":{
            "img":"361.png"
        },
        "Small mana potion":{
            "img":"362.png"
        },
        "Mead":{
            "img":"363.png"
        },
        "Medium healing potion":{
            "img":"364.png",
            "rarity":"uncommon"
        },
        "Medium mana potion":{
            "img":"365.png",
            "rarity":"uncommon"
        },
        "Rum":{
            "img":"366.png"
        },
        "Medium labor potion":{
            "img":"367.png",
            "rarity":"rare"
        },
        "Large healing potion":{
            "img":"368.png",
            "rarity":"uncommon"
        },
        "Large mana potion":{
            "img":"369.png",
            "rarity":"uncommon"
        },
        "Watermelon vodka":{
            "img":"370.png"
        },
        "Whiskey":{
            "img":"371.png"
        },
        "Large labor potion":{
            "img":"372.png",
            "rarity":"rare"
        },
        "Huge healing potion":{
            "img":"373.png",
            "rarity":"rare"
        },
        "Huge mana potion":{
            "img":"374.png",
            "rarity":"rare"
        },
        "Gin":{
            "img":"375.png"
        },
        "'Al ajillo' rabbit":{
            "img":"376.png"
        },
        "Roasted chicken":{
            "img":"377.png"
        },
        "Basic vegetable ration":{
            "img":"378.png"
        },
        "Basic meat ration":{
            "img":"379.png"
        },
        "Baked potatoes":{
            "img":"380.png"
        },
        "Fried eggs":{
            "img":"381.png"
        },
        "Potato omelette":{
            "img":"382.png"
        },
        "Cucumber cream":{
            "img":"383.png"
        },
        "Vegetable soup":{
            "img":"384.png"
        },
        "Meat soup":{
            "img":"385.png"
        },
        "Roasted radish":{
            "img":"386.png"
        },
        "Goat cheese":{
            "img":"387.png"
        },
        "Carrot wine":{
            "img":"388.png"
        },
        "Infusion":{
            "img":"389.png"
        },
        "Roasted goat":{
            "img":"390.png"
        },
        "Milk with honey":{
            "img":"391.png"
        },
        "Light vegetable ration":{
            "img":"392.png"
        },
        "Light meat ration":{
            "img":"393.png"
        },
        "Bread":{
            "img":"394.png"
        },
        "Lamb chops":{
            "img":"395.png"
        },
        "Candy":{
            "img":"396.png"
        },
        "Nutritious porridge":{
            "img":"397.png"
        },
        "Gazpacho":{
            "img":"398.png"
        },
        "Beer":{
            "img":"399.png"
        },
        "Pork ribs with honey":{
            "img":"400.png"
        },
        "Pancake with honey":{
            "img":"401.png"
        },
        "Big vegetable ration":{
            "img":"402.png"
        },
        "Big meat ration":{
            "img":"403.png"
        },
        "Beef chop":{
            "img":"404.png"
        },
        "Pumpkin cream":{
            "img":"405.png"
        },
        "Pumpkin pie":{
            "img":"406.png"
        },
        "Gourmet vegetable ration":{
            "img":"407.png"
        },
        "Gourmet meat ration":{
            "img":"408.png"
        },
        "Pipe bread":{
            "img":"409.png"
        },
        "Salad":{
            "img":"410.png"
        },
        "Roasted corn":{
            "img":"411.png"
        },
        "Caprivee stew":{
            "img":"412.png"
        },
        "Popcorns":{
            "img":"413.png"
        },
        "Tattered cloth gloves":{
            "img":"414.png",
            "rarity":"rare"
        },
        "Hot cloth":{
            "img":"415.png"
        },
        "Tattered cloth scarf":{
            "img":"416.png",
            "rarity":"rare"
        },
        "Blanket":{
            "img":"417.png"
        },
        "Tattered cloth chest":{
            "img":"418.png",
            "rarity":"rare"
        },
        "Tattered cloth boots":{
            "img":"419.png",
            "rarity":"rare"
        },
        "Vitality necklace":{
            "img":"420.png",
            "rarity":"uncommon"
        },
        "Basic fabric materials":{
            "img":"421.png"
        },
        "Military patch":{
            "img":"422.png"
        },
        "Dreamcatcher":{
            "img":"423.png"
        },
        "Squire's cloth helmet":{
            "img":"424.png",
            "rarity":"rare"
        },
        "Squire's cloth gloves":{
            "img":"425.png",
            "rarity":"rare"
        },
        "Lethality necklace":{
            "img":"426.png",
            "rarity":"rare"
        },
        "Handkerchief":{
            "img":"427.png"
        },
        "Squire's cloth chest":{
            "img":"428.png",
            "rarity":"rare"
        },
        "Squire's cloth boots":{
            "img":"429.png",
            "rarity":"rare"
        },
        "Wet towel":{
            "img":"430.png"
        },
        "Sentinel's cloth helmet":{
            "img":"431.png",
            "rarity":"rare"
        },
        "Sentinel's cloth gloves":{
            "img":"432.png",
            "rarity":"rare"
        },
        "Arcane necklace":{
            "img":"433.png",
            "rarity":"rare"
        },
        "Ferocity necklace":{
            "img":"434.png",
            "rarity":"rare"
        },
        "Sentinel's cloth boots":{
            "img":"435.png",
            "rarity":"rare"
        },
        "Wool doll":{
            "img":"436.png"
        },
        "Sentinel's cloth chest":{
            "img":"437.png",
            "rarity":"rare"
        },
        "Restoration necklace":{
            "img":"438.png",
            "rarity":"rare"
        },
        "Ruthlessness necklace":{
            "img":"439.png",
            "rarity":"rare"
        },
        "Soldier's cloth gloves":{
            "img":"440.png",
            "rarity":"rare"
        },
        "Soldier's cloth helmet":{
            "img":"441.png",
            "rarity":"rare"
        },
        "Soldier's cloth boots":{
            "img":"442.png",
            "rarity":"rare"
        },
        "Soldier's cloth chest":{
            "img":"443.png",
            "rarity":"rare"
        },
        "Champion's cloth boots":{
            "img":"444.png",
            "rarity":"rare"
        },
        "Champion's cloth chest":{
            "img":"445.png",
            "rarity":"rare"
        },
        "Champion's cloth gloves":{
            "img":"446.png",
            "rarity":"rare"
        },
        "Champion's cloth helmet":{
            "img":"447.png",
            "rarity":"rare"
        },
        "Fabled arcane necklace":{
            "img":"448.png",
            "rarity":"rare"
        },
        "Fabled ferocity necklace":{
            "img":"449.png",
            "rarity":"rare"
        },
        "Fabled restoration necklace":{
            "img":"450.png",
            "rarity":"epic"
        },
        "Fabled ruthlessness necklace":{
            "img":"451.png",
            "rarity":"epic"
        },
        "Inventory dimensional bag":{
            "img":"452.png",
            "rarity":"legendary"
        },
        "Linen flower":{
            "img":"453.png",
            "rarity":"rare"
        }
    }
}
