{
    "recipes" : [
        {
            "name":"'Al ajillo' rabbit",
            "quantity":3,
            "stationLvl":1,
            "tiers":1,
            "ingredients":[
                {
                    "name":"Rabbit meat",
                    "quantity":9
                },
                {
                    "name":"Garlic",
                    "quantity":12
                },
                {
                    "name":"Salt",
                    "quantity":4
                },
                {
                    "name":"Basic crockery",
                    "quantity":3
                }
            ]
        },
        {
            "name":"Roasted chicken",
            "quantity":4,
            "stationLvl":1,
            "tiers":1,
            "ingredients":[
                {
                    "name":"Hen meat",
                    "quantity":12
                },
                {
                    "name":"Potato",
                    "quantity":8
                },
                {
                    "name":"Salt",
                    "quantity":4
                },
                {
                    "name":"Basic crockery",
                    "quantity":4
                }
            ]
        },
        {
            "name":"Basic vegetable ration",
            "quantity":1,
            "stationLvl":1,
            "tiers":1,
            "ingredients":[
                {
                    "name":"Carrot",
                    "quantity":8
                },
                {
                    "name":"Cucumber",
                    "quantity":8
                },
                {
                    "name":"Fiber",
                    "quantity":4
                },
                {
                    "name":"Salt",
                    "quantity":3
                }
            ]
        },
        {
            "name":"Basic meat ration",
            "quantity":1,
            "stationLvl":1,
            "tiers":1,
            "ingredients":[
                {
                    "name":"Hen meat",
                    "quantity":5
                },
                {
                    "name":"Rabbit meat",
                    "quantity":5
                },
                {
                    "name":"Animal bones",
                    "quantity":7
                },
                {
                    "name":"Salt",
                    "quantity":3
                }
            ]
        },
        {
            "name":"Baked potatoes",
            "quantity":3,
            "stationLvl":1,
            "tiers":1,
            "ingredients":[
                {
                    "name":"Potato",
                    "quantity":12
                },
                {
                    "name":"Salt",
                    "quantity":9
                },
                {
                    "name":"Basic crockery",
                    "quantity":3
                }
            ]
        },
        {
            "name":"Fried eggs",
            "quantity":8,
            "stationLvl":2,
            "tiers":1,
            "ingredients":[
                {
                    "name":"Hen egg",
                    "quantity":20
                },
                {
                    "name":"Salt",
                    "quantity":12
                },
                {
                    "name":"Basic crockery",
                    "quantity":8
                }
            ]
        },
        {
            "name":"Potato omelette",
            "quantity":3,
            "stationLvl":2,
            "tiers":1,
            "ingredients":[
                {
                    "name":"Hen egg",
                    "quantity":12
                },
                {
                    "name":"Salt",
                    "quantity":9
                },
                {
                    "name":"Potato",
                    "quantity":18
                },
                {
                    "name":"Basic crockery",
                    "quantity":3
                }
            ]
        },
        {
            "name":"Cucumber cream",
            "quantity":3,
            "stationLvl":2,
            "tiers":1,
            "ingredients":[
                {
                    "name":"Cucumber",
                    "quantity":18
                },
                {
                    "name":"Garlic",
                    "quantity":12
                },
                {
                    "name":"Salt",
                    "quantity":6
                },
                {
                    "name":"Water",
                    "quantity":6
                },
                {
                    "name":"Basic crockery",
                    "quantity":3
                }
            ]
        },
        {
            "name":"Vegetable soup",
            "quantity":6,
            "stationLvl":2,
            "tiers":2,
            "ingredients":[
                {
                    "name":"Carrot",
                    "quantity":18
                },
                {
                    "name":"Onion",
                    "quantity":12
                },
                {
                    "name":"Water",
                    "quantity":6
                },
                {
                    "name":"Salt",
                    "quantity":6
                },
                {
                    "name":"Steady crockery",
                    "quantity":6
                }
            ]
        },
        {
            "name":"Meat soup",
            "quantity":6,
            "stationLvl":2,
            "tiers":2,
            "ingredients":[
                {
                    "name":"Rabbit meat",
                    "quantity":6
                },
                {
                    "name":"Beetroot",
                    "quantity":12
                },
                {
                    "name":"Water",
                    "quantity":6
                },
                {
                    "name":"Salt",
                    "quantity":6
                },
                {
                    "name":"Steady crockery",
                    "quantity":6
                }
            ]
        },
        {
            "name":"Roasted radish",
            "quantity":3,
            "stationLvl":2,
            "tiers":2,
            "ingredients":[
                {
                    "name":"Radish",
                    "quantity":18
                },
                {
                    "name":"Salt",
                    "quantity":9
                },
                {
                    "name":"Steady crockery",
                    "quantity":3
                }
            ]
        },
        {
            "name":"Goat cheese",
            "quantity":4,
            "stationLvl":2,
            "tiers":2,
            "ingredients":[
                {
                    "name":"Goat milk",
                    "quantity":12
                },
                {
                    "name":"Yeast",
                    "quantity":8
                },
                {
                    "name":"Salt",
                    "quantity":8
                },
                {
                    "name":"Steady crockery",
                    "quantity":4
                }
            ]
        },
        {
            "name":"Carrot wine",
            "quantity":6,
            "stationLvl":2,
            "tiers":2,
            "ingredients":[
                {
                    "name":"Carrot",
                    "quantity":12
                },
                {
                    "name":"Water",
                    "quantity":3
                },
                {
                    "name":"Yeast",
                    "quantity":6
                },
                {
                    "name":"Steady crockery",
                    "quantity":6
                }
            ]
        },
        {
            "name":"Infusion",
            "quantity":1,
            "stationLvl":2,
            "tiers":2,
            "ingredients":[
                {
                    "name":"Bottle",
                    "quantity":1
                },
                {
                    "name":"Goat milk",
                    "quantity":4
                },
                {
                    "name":"Fiber",
                    "quantity":6
                },
                {
                    "name":"Honey",
                    "quantity":4
                },
                {
                    "name":"Water",
                    "quantity":2
                }
            ]
        },
        {
            "name":"Roasted goat",
            "quantity":3,
            "stationLvl":3,
            "tiers":2,
            "ingredients":[
                {
                    "name":"Goat meat",
                    "quantity":6
                },
                {
                    "name":"Onion",
                    "quantity":15
                },
                {
                    "name":"Salt",
                    "quantity":6
                },
                {
                    "name":"Steady crockery",
                    "quantity":3
                }
            ]
        },
        {
            "name":"Milk with honey",
            "quantity":6,
            "stationLvl":3,
            "tiers":2,
            "ingredients":[
                {
                    "name":"Goat milk",
                    "quantity":18
                },
                {
                    "name":"Honey",
                    "quantity":20
                },
                {
                    "name":"Steady crockery",
                    "quantity":6
                }
            ]
        },
        {
            "name":"Light vegetable ration",
            "quantity":1,
            "stationLvl":3,
            "tiers":2,
            "ingredients":[
                {
                    "name":"Onion",
                    "quantity":8
                },
                {
                    "name":"Cucumber",
                    "quantity":8
                },
                {
                    "name":"Fiber",
                    "quantity":4
                },
                {
                    "name":"Salt",
                    "quantity":3
                }
            ]
        },
        {
            "name":"Light meat ration",
            "quantity":1,
            "stationLvl":3,
            "tiers":2,
            "ingredients":[
                {
                    "name":"Hen meat",
                    "quantity":8
                },
                {
                    "name":"Goat meat",
                    "quantity":7
                },
                {
                    "name":"Salt",
                    "quantity":3
                }
            ]
        },
        {
            "name":"Bread",
            "quantity":6,
            "stationLvl":4,
            "tiers":3,
            "ingredients":[
                {
                    "name":"Flour",
                    "quantity":12
                },
                {
                    "name":"Water",
                    "quantity":9
                },
                {
                    "name":"Salt",
                    "quantity":6
                },
                {
                    "name":"Sturdy crockery",
                    "quantity":6
                }
            ]
        },
        {
            "name":"Lamb chops",
            "quantity":6,
            "stationLvl":4,
            "tiers":3,
            "ingredients":[
                {
                    "name":"Sheep meat",
                    "quantity":12
                },
                {
                    "name":"Cabbage",
                    "quantity":12
                },
                {
                    "name":"Salt",
                    "quantity":9
                },
                {
                    "name":"Sturdy crockery",
                    "quantity":6
                }
            ]
        },
        {
            "name":"Candy",
            "quantity":1,
            "stationLvl":4,
            "tiers":3,
            "ingredients":[
                {
                    "name":"Flour",
                    "quantity":3
                },
                {
                    "name":"Honey",
                    "quantity":4
                },
                {
                    "name":"Hen egg",
                    "quantity":6
                }
            ]
        },
        {
            "name":"Nutritious porridge",
            "quantity":1,
            "stationLvl":4,
            "tiers":3,
            "ingredients":[
                {
                    "name":"Flour",
                    "quantity":3
                },
                {
                    "name":"Carrot",
                    "quantity":7
                },
                {
                    "name":"Potato",
                    "quantity":7
                }
            ]
        },
        {
            "name":"Gazpacho",
            "quantity":3,
            "stationLvl":4,
            "tiers":3,
            "ingredients":[
                {
                    "name":"Tomato",
                    "quantity":18
                },
                {
                    "name":"Cucumber",
                    "quantity":12
                },
                {
                    "name":"Water",
                    "quantity":3
                },
                {
                    "name":"Salt",
                    "quantity":6
                },
                {
                    "name":"Sturdy crockery",
                    "quantity":3
                }
            ]
        },
        {
            "name":"Beer",
            "quantity":6,
            "stationLvl":5,
            "tiers":3,
            "ingredients":[
                {
                    "name":"Wheat",
                    "quantity":18
                },
                {
                    "name":"Water",
                    "quantity":12
                },
                {
                    "name":"Yeast",
                    "quantity":12
                },
                {
                    "name":"Sturdy crockery",
                    "quantity":6
                }
            ]
        },
        {
            "name":"Pork ribs with honey",
            "quantity":1,
            "stationLvl":5,
            "tiers":3,
            "ingredients":[
                {
                    "name":"Pork meat",
                    "quantity":8
                },
                {
                    "name":"Honey",
                    "quantity":8
                },
                {
                    "name":"Salt",
                    "quantity":4
                },
                {
                    "name":"Sturdy crockery",
                    "quantity":4
                }
            ]
        },
        {
            "name":"Pancake with honey",
            "quantity":6,
            "stationLvl":5,
            "tiers":3,
            "ingredients":[
                {
                    "name":"Flour",
                    "quantity":15
                },
                {
                    "name":"Sheep milk",
                    "quantity":6
                },
                {
                    "name":"Honey",
                    "quantity":12
                },
                {
                    "name":"Sturdy crockery",
                    "quantity":6
                }
            ]
        },
        {
            "name":"Big vegetable ration",
            "quantity":1,
            "stationLvl":5,
            "tiers":3,
            "ingredients":[
                {
                    "name":"Cabbage",
                    "quantity":7
                },
                {
                    "name":"Tomato",
                    "quantity":7
                },
                {
                    "name":"Salt",
                    "quantity":3
                }
            ]
        },
        {
            "name":"Big meat ration",
            "quantity":1,
            "stationLvl":5,
            "tiers":3,
            "ingredients":[
                {
                    "name":"Pork meat",
                    "quantity":6
                },
                {
                    "name":"Sheep meat",
                    "quantity":6
                },
                {
                    "name":"Salt",
                    "quantity":4
                }
            ]
        } ,
        {
            "name":"Beef chop",
            "quantity":6,
            "stationLvl":5,
            "tiers":4,
            "ingredients":[
                {
                    "name":"Cow beef",
                    "quantity":12
                },
                {
                    "name":"Animal fat",
                    "quantity":9
                },
                {
                    "name":"Oil",
                    "quantity":6
                },
                {
                    "name":"Salt",
                    "quantity":12
                },
                {
                    "name":"Strong crockery",
                    "quantity":6
                }
            ]
        },
        {
            "name":"Pumpkin cream",
            "quantity":4,
            "stationLvl":5,
            "tiers":4,
            "ingredients":[
                {
                    "name":"Pumpkin",
                    "quantity":20
                },
                {
                    "name":"Cow milk",
                    "quantity":8
                },
                {
                    "name":"Salt",
                    "quantity":4
                },
                {
                    "name":"Strong crockery",
                    "quantity":4
                }
            ]
        },
        {
            "name":"Pumpkin pie",
            "quantity":1,
            "stationLvl":6,
            "tiers":4,
            "ingredients":[
                {
                    "name":"Flour",
                    "quantity":9
                },
                {
                    "name":"Pumpkin",
                    "quantity":18
                },
                {
                    "name":"Cow milk",
                    "quantity":9
                },
                {
                    "name":"Honey",
                    "quantity":6
                },
                {
                    "name":"Strong crockery",
                    "quantity":6
                }
            ]
        },
        {
            "name":"Gourmet vegetable ration",
            "quantity":1,
            "stationLvl":6,
            "tiers":4,
            "ingredients":[
                {
                    "name":"Pumpkin",
                    "quantity":3
                },
                {
                    "name":"Watermelon",
                    "quantity":3
                },
                {
                    "name":"Flour",
                    "quantity":5
                },
                {
                    "name":"Sheep milk",
                    "quantity":2
                }
            ]
        },
        {
            "name":"Gourmet meat ration",
            "quantity":1,
            "stationLvl":6,
            "tiers":4,
            "ingredients":[
                {
                    "name":"Cow beef",
                    "quantity":6
                },
                {
                    "name":"Animal flour",
                    "quantity":5
                },
                {
                    "name":"Sheep milk",
                    "quantity":2
                }
            ]
        },
        {
            "name":"Pipe bread",
            "quantity":1,
            "stationLvl":6,
            "tiers":4,
            "ingredients":[
                {
                    "name":"Flour",
                    "quantity":12
                },
                {
                    "name":"Water",
                    "quantity":9
                },
                {
                    "name":"Salt",
                    "quantity":6
                },
                {
                    "name":"Sunflower",
                    "quantity":6
                },
                {
                    "name":"Strong crockery",
                    "quantity":3
                }
            ]
        },
        {
            "name":"Salad",
            "quantity":6,
            "stationLvl":7,
            "tiers":5,
            "ingredients":[
                {
                    "name":"Corn kernels",
                    "quantity":60
                },
                {
                    "name":"Cabbage",
                    "quantity":12
                },
                {
                    "name":"Tomato",
                    "quantity":18
                },
                {
                    "name":"Salt",
                    "quantity":15
                },
                {
                    "name":"Unbreakable crockery",
                    "quantity":6
                }
            ]
        },
        {
            "name":"Roasted corn",
            "quantity":3,
            "stationLvl":7,
            "tiers":5,
            "ingredients":[
                {
                    "name":"Corn",
                    "quantity":6
                },
                {
                    "name":"Salt",
                    "quantity":3
                },
                {
                    "name":"Oil",
                    "quantity":6
                },
                {
                    "name":"Unbreakable crockery",
                    "quantity":3
                }
            ]
        },
        {
            "name":"Caprivee stew",
            "quantity":4,
            "stationLvl":7,
            "tiers":5,
            "ingredients":[
                {
                    "name":"Water",
                    "quantity":8
                },
                {
                    "name":"Caprivee meat",
                    "quantity":12
                },
                {
                    "name":"Onion",
                    "quantity":8
                },
                {
                    "name":"Animal fat",
                    "quantity":8
                },
                {
                    "name":"Unbreakable crockery",
                    "quantity":3
                }
            ]
        },
        {
            "name":"Popcorns",
            "quantity":1,
            "stationLvl":7,
            "tiers":5,
            "ingredients":[
                {
                    "name":"Corn kernels",
                    "quantity":90
                },
                {
                    "name":"Animal fat",
                    "quantity":18
                },
                {
                    "name":"Salt",
                    "quantity":30
                },
                {
                    "name":"Unbreakable crockery",
                    "quantity":3
                }
            ]
        }
    ]
}
