{
    "recipes" : [
        {
            "name":"Wood pulp",
            "quantity":1,
            "stationLvl":1,
            "tiers":1,
            "ingredients":[
                {
                    "name":"Softwood plank",
                    "quantity":1
                },
                {
                    "name":"Fiber",
                    "quantity":6
                },
                {
                    "name":"Water",
                    "quantity":1
                }
            ]
        },
        {
            "name":"Basic wood materials",
            "quantity":1,
            "stationLvl":1,
            "tiers":1,
            "ingredients":[
                {
                    "name":"Softwood plank",
                    "quantity":20
                }
            ]
        },
        {
            "name":"Basic crockery",
            "quantity":5,
            "stationLvl":1,
            "tiers":1,
            "ingredients":[
                {
                    "name":"Softwood plank",
                    "quantity":3
                }
            ]
        },
        {
            "name":"Sawdust",
            "quantity":10,
            "stationLvl":1,
            "tiers":1,
            "ingredients":[
                {
                    "name":"Softwood log",
                    "quantity":1
                },
                {
                    "name":"Saw",
                    "quantity":1
                }
            ]
        },
        {
            "name":"Feathery stick",
            "quantity":1,
            "stationLvl":2,
            "tiers":1,
            "ingredients":[
                {
                    "name":"Hen feather",
                    "quantity":2
                },
                {
                    "name":"Softwood plank",
                    "quantity":1
                }
            ]
        },
        {
            "name":"Minor rune",
            "quantity":1,
            "stationLvl":2,
            "tiers":1,
            "ingredients":[
                {
                    "name":"Animal bones",
                    "quantity":10
                },
                {
                    "name":"Softwood plank",
                    "quantity":5
                },
                {
                    "name":"Nails",
                    "quantity":1
                }
            ]
        },
        {
            "name":"Cradle",
            "quantity":1,
            "stationLvl":2,
            "tiers":2,
            "ingredients":[
                {
                    "name":"Hen feather",
                    "quantity":1
                },
                {
                    "name":"Medium wood plank",
                    "quantity":1
                }
            ]
        },
        {
            "name":"Pacifier",
            "quantity":1,
            "stationLvl":2,
            "tiers":2,
            "ingredients":[
                {
                    "name":"Softwood plank",
                    "quantity":1
                },
                {
                    "name":"Wax",
                    "quantity":2
                },
                {
                    "name":"Saw",
                    "quantity":1
                }
            ]
        },
        {
            "name":"Lesser rune",
            "quantity":1,
            "stationLvl":2,
            "tiers":2,
            "ingredients":[
                {
                    "name":"Goat horn",
                    "quantity":2
                },
                {
                    "name":"Medium wood plank",
                    "quantity":5
                },
                {
                    "name":"Nails",
                    "quantity":1
                }
            ]
        },
        {
            "name":"Steady wood materials",
            "quantity":1,
            "stationLvl":2,
            "tiers":2,
            "ingredients":[
                {
                    "name":"Medium wood plank",
                    "quantity":20
                }
            ]
        },
        {
            "name":"Steady crockery",
            "quantity":5,
            "stationLvl":2,
            "tiers":2,
            "ingredients":[
                {
                    "name":"Medium wood plank",
                    "quantity":3
                }
            ]
        },
        {
            "name":"Firetinder",
            "quantity":10,
            "stationLvl":2,
            "tiers":2,
            "ingredients":[
                {
                    "name":"Medium wood log",
                    "quantity":1
                },
                {
                    "name":"Saw",
                    "quantity":1
                },
                {
                    "name":"Fiber",
                    "quantity":1
                }
            ]
        },
        {
            "name":"Wooden bone",
            "quantity":1,
            "stationLvl":2,
            "tiers":2,
            "ingredients":[
                {
                    "name":"Softwood plank",
                    "quantity":1
                },
                {
                    "name":"Saw",
                    "quantity":1
                }
            ]
        },
        {
            "name":"Cot mobile",
            "quantity":1,
            "stationLvl":3,
            "tiers":2,
            "ingredients":[
                {
                    "name":"Medium wood plank",
                    "quantity":2
                },
                {
                    "name":"String",
                    "quantity":1
                },
                {
                    "name":"Steady leather",
                    "quantity":1
                }
            ]
        },
        {
            "name":"Woodcarving horse",
            "quantity":1,
            "stationLvl":3,
            "tiers":2,
            "ingredients":[
                {
                    "name":"Medium wood plank",
                    "quantity":1
                },
                {
                    "name":"Saw",
                    "quantity":1
                }
            ]
        },
        {
            "name":"Basket",
            "quantity":1,
            "stationLvl":4,
            "tiers":3,
            "ingredients":[
                {
                    "name":"Flexible wood plank",
                    "quantity":2
                },
                {
                    "name":"Wool ball",
                    "quantity":4
                }
            ]
        },
        {
            "name":"Strong rune",
            "quantity":1,
            "stationLvl":4,
            "tiers":3,
            "ingredients":[
                {
                    "name":"Goat horn",
                    "quantity":6
                },
                {
                    "name":"Flexible wood plank",
                    "quantity":5
                },
                {
                    "name":"Nails",
                    "quantity":1
                }
            ]
        },
        {
            "name":"Sturdy wood materials",
            "quantity":1,
            "stationLvl":4,
            "tiers":3,
            "ingredients":[
                {
                    "name":"Flexible wood plank",
                    "quantity":20
                }
            ]
        },
        {
            "name":"Sturdy crockery",
            "quantity":5,
            "stationLvl":4,
            "tiers":3,
            "ingredients":[
                {
                    "name":"Flexible wood plank",
                    "quantity":3
                }
            ]
        },
        {
            "name":"Firewood",
            "quantity":1,
            "stationLvl":5,
            "tiers":3,
            "ingredients":[
                {
                    "name":"Flexible wood log",
                    "quantity":1
                },
                {
                    "name":"Saw",
                    "quantity":1
                }
            ]
        },
        {
            "name":"Vegetable charcoal",
            "quantity":1,
            "stationLvl":5,
            "tiers":4,
            "ingredients":[
                {
                    "name":"Hardwood log",
                    "quantity":1
                },
                {
                    "name":"Oil",
                    "quantity":3
                },
                {
                    "name":"Sands",
                    "quantity":3
                }
            ]
        },
        {
            "name":"Mighty rune",
            "quantity":1,
            "stationLvl":5,
            "tiers":4,
            "ingredients":[
                {
                    "name":"Cow horn",
                    "quantity":2
                },
                {
                    "name":"Hardwood plank",
                    "quantity":5
                },
                {
                    "name":"Nails",
                    "quantity":1
                }
            ]
        },
        {
            "name":"Strong wood materials",
            "quantity":1,
            "stationLvl":5,
            "tiers":4,
            "ingredients":[
                {
                    "name":"Hardwood plank",
                    "quantity":20
                }
            ]
        },
        {
            "name":"Strong crockery",
            "quantity":1,
            "stationLvl":5,
            "tiers":4,
            "ingredients":[
                {
                    "name":"Hardwood plank",
                    "quantity":3
                }
            ]
        },
        {
            "name":"Toy horn",
            "quantity":1,
            "stationLvl":6,
            "tiers":4,
            "ingredients":[
                {
                    "name":"Cow horn",
                    "quantity":1
                },
                {
                    "name":"Flexible wood plank",
                    "quantity":1
                },
                {
                    "name":"Wax",
                    "quantity":1
                }
            ]
        },
        {
            "name":"Unbreakable wood materials",
            "quantity":1,
            "stationLvl":7,
            "tiers":5,
            "ingredients":[
                {
                    "name":"Unbreakable wood plank",
                    "quantity":20
                }
            ]
        },
        {
            "name":"Unbreakable crockery",
            "quantity":5,
            "stationLvl":7,
            "tiers":5,
            "ingredients":[
                {
                    "name":"Unbreakable wood plank",
                    "quantity":3
                }
            ]
        },
        {
            "name":"Fabled rune",
            "quantity":1,
            "stationLvl":7,
            "tiers":5,
            "ingredients":[
                {
                    "name":"Caprivee horn",
                    "quantity":2
                },
                {
                    "name":"Unbreakable wood plank",
                    "quantity":5
                },
                {
                    "name":"Nails",
                    "quantity":1
                }
            ]
        }
    ]
}
