{
    "ingredientsFile":"items.json",
    "stations":[
        {
            "name":"Workbench",
            "img":"",
            "recipesFile":"workbench.json"

        },
        {
            "name":"Windmill",
            "img":"",
            "recipesFile":"windmill.json"
        },
        {
            "name":"Tannery",
            "img":"",
            "recipesFile":"tannery.json"
        },
        {
            "name":"Tradepack",
            "img":"",
            "recipesFile":"tradepack.json"
        },
        {
            "name":"Sawmill",
            "img":"",
            "recipesFile":"sawmill.json"
        },
        {
            "name":"Blacksmith",
            "img":"",
            "recipesFile":"blacksmith.json"
        },
        {
            "name":"Stonemasonry",
            "img":"",
            "recipesFile":"stonemasonry.json"
        },
        {
            "name":"Alchemy lab",
            "img":"",
            "recipesFile":"alchemylab.json"
        },
        {
            "name":"Kitchen",
            "img":"",
            "recipesFile":"kitchen.json"
        },
        {
            "name":"Tailory",
            "img":"",
            "recipesFile":"tailory.json"
        }
    ]
}
