{
    "recipes" : [
        {
            "name":"Salt",
            "quantity":8,
            "stationLvl":1,
            "tiers":1,
            "ingredients":[
                {
                    "name":"Gypsum",
                    "quantity":5
                }
            ]
        },
        {
            "name":"Wet soil",
            "quantity":1,
            "stationLvl":1,
            "tiers":1,
            "ingredients":[
                {
                    "name":"Sands",
                    "quantity":1
                },
                {
                    "name":"Water",
                    "quantity":1
                }
            ]
        },
        {
            "name":"Chalk",
            "quantity":1,
            "stationLvl":1,
            "tiers":1,
            "ingredients":[
                {
                    "name":"Gypsum block",
                    "quantity":1
                },
                {
                    "name":"Animal bones",
                    "quantity":2
                },
                {
                    "name":"Resin",
                    "quantity":3
                }
            ]
        },
        {
            "name":"Basic stone materials",
            "quantity":1,
            "stationLvl":1,
            "tiers":1,
            "ingredients":[
                {
                    "name":"Gypsum block",
                    "quantity":15
                },
                {
                    "name":"Sandstone block",
                    "quantity":5
                }
            ]
        },
        {
            "name":"Sands",
            "quantity":6,
            "stationLvl":1,
            "tiers":1,
            "ingredients":[
                {
                    "name":"Gypsum",
                    "quantity":9
                }
            ]
        },
        {
            "name":"Putty",
            "quantity":1,
            "stationLvl":2,
            "tiers":1,
            "ingredients":[
                {
                    "name":"Sands",
                    "quantity":3
                },
                {
                    "name":"Water",
                    "quantity":1
                },
                {
                    "name":"Gypsum",
                    "quantity":2
                }
            ]
        },
        {
            "name":"Minor mold",
            "quantity":1,
            "stationLvl":2,
            "tiers":1,
            "ingredients":[
                {
                    "name":"Gypsum block",
                    "quantity":6
                },
                {
                    "name":"Sandstone block",
                    "quantity":3
                },
                {
                    "name":"Sands",
                    "quantity":6
                }
            ]
        },
        {
            "name":"Amphora",
            "quantity":1,
            "stationLvl":2,
            "tiers":2,
            "ingredients":[
                {
                    "name":"Clay block",
                    "quantity":3
                },
                {
                    "name":"Resin",
                    "quantity":3
                },
                {
                    "name":"Water",
                    "quantity":2
                }
            ]
        },
        {
            "name":"Steady stone materials",
            "quantity":1,
            "stationLvl":2,
            "tiers":2,
            "ingredients":[
                {
                    "name":"Clay block",
                    "quantity":15
                },
                {
                    "name":"Slate block",
                    "quantity":5
                }
            ]
        },
        {
            "name":"Bird figurine",
            "quantity":1,
            "stationLvl":3,
            "tiers":2,
            "ingredients":[
                {
                    "name":"Clay block",
                    "quantity":2
                },
                {
                    "name":"Copper ingot",
                    "quantity":1
                }
            ]
        },
        {
            "name":"Ritual lantern",
            "quantity":1,
            "stationLvl":3,
            "tiers":2,
            "ingredients":[
                {
                    "name":"Clay block",
                    "quantity":3
                },
                {
                    "name":"Wax",
                    "quantity":3
                },
                {
                    "name":"Cotton thread",
                    "quantity":1
                },
                {
                    "name":"Animal bones",
                    "quantity":1
                }
            ]
        },
        {
            "name":"Ritual mask",
            "quantity":1,
            "stationLvl":3,
            "tiers":2,
            "ingredients":[
                {
                    "name":"Clay block",
                    "quantity":2
                },
                {
                    "name":"Cotton thread",
                    "quantity":3
                },
                {
                    "name":"Copper ingot",
                    "quantity":2
                }
            ]
        },
        {
            "name":"Lesser mold",
            "quantity":1,
            "stationLvl":3,
            "tiers":2,
            "ingredients":[
                {
                    "name":"Clay block",
                    "quantity":6
                },
                {
                    "name":"Slate block",
                    "quantity":3
                },
                {
                    "name":"Sands",
                    "quantity":12
                }
            ]
        },
        {
            "name":"Sturdy stone materials",
            "quantity":1,
            "stationLvl":4,
            "tiers":3,
            "ingredients":[
                {
                    "name":"Limestone block",
                    "quantity":15
                },
                {
                    "name":"Quartz block",
                    "quantity":5
                }
            ]
        },
        {
            "name":"Strong mold",
            "quantity":1,
            "stationLvl":5,
            "tiers":3,
            "ingredients":[
                {
                    "name":"Limestone block",
                    "quantity":6
                },
                {
                    "name":"Quartz block",
                    "quantity":3
                },
                {
                    "name":"Sands",
                    "quantity":12
                }
            ]
        },
        {
            "name":"Decorative bust",
            "quantity":1,
            "stationLvl":5,
            "tiers":3,
            "ingredients":[
                {
                    "name":"Limestone block",
                    "quantity":10
                },
                {
                    "name":"Quartz block",
                    "quantity":4
                },
                {
                    "name":"Gold ingot",
                    "quantity":1
                }
            ]
        },
        {
            "name":"Strong stone materials",
            "quantity":1,
            "stationLvl":5,
            "tiers":4,
            "ingredients":[
                {
                    "name":"Granite block",
                    "quantity":15
                },
                {
                    "name":"Basalt block",
                    "quantity":5
                }
            ]
        },
        {
            "name":"Mighty mold",
            "quantity":1,
            "stationLvl":6,
            "tiers":4,
            "ingredients":[
                {
                    "name":"Granite block",
                    "quantity":6
                },
                {
                    "name":"Basalt block",
                    "quantity":3
                },
                {
                    "name":"Sands",
                    "quantity":12
                }
            ]
        },
        {
            "name":"Mosaic",
            "quantity":1,
            "stationLvl":6,
            "tiers":4,
            "ingredients":[
                {
                    "name":"Granite block",
                    "quantity":8
                },
                {
                    "name":"Quartz block",
                    "quantity":2
                },
                {
                    "name":"Basalt block",
                    "quantity":2
                }
            ]
        },
        {
            "name":"Unbreakable stone materials",
            "quantity":1,
            "stationLvl":7,
            "tiers":5,
            "ingredients":[
                {
                    "name":"Marble block",
                    "quantity":15
                },
                {
                    "name":"Kronita block",
                    "quantity":5
                }
            ]
        },
        {
            "name":"Fabled mold",
            "quantity":1,
            "stationLvl":7,
            "tiers":5,
            "ingredients":[
                {
                    "name":"Marble block",
                    "quantity":6
                },
                {
                    "name":"Kronita block",
                    "quantity":3
                },
                {
                    "name":"Sands",
                    "quantity":12
                }
            ]
        }
    ]
}
