{
    "recipes" : [
        {
            "name":"Tattered cloth gloves",
            "quantity":1,
            "stationLvl":1,
            "tiers":1,
            "ingredients":[
                {
                    "name":"String",
                    "quantity":15
                },
                {
                    "name":"Basic leather",
                    "quantity":5
                },
                {
                    "name":"Copper ingot",
                    "quantity":5
                },
                {
                    "name":"Flickering ember",
                    "quantity":10
                }
            ]
        },
        {
            "name":"Hot cloth",
            "quantity":1,
            "stationLvl":1,
            "tiers":1,
            "ingredients":[
                {
                    "name":"Sewing tools",
                    "quantity":1
                },
                {
                    "name":"String",
                    "quantity":5
                },
                {
                    "name":"Water",
                    "quantity":1
                }
            ]
        },
        {
            "name":"Ritual necklace",
            "quantity":1,
            "stationLvl":1,
            "tiers":1,
            "ingredients":[
                {
                    "name":"String",
                    "quantity":1
                },
                {
                    "name":"Animal bones",
                    "quantity":3
                }
            ]
        },
        {
            "name":"Tattered cloth scarf",
            "quantity":1,
            "stationLvl":1,
            "tiers":1,
            "ingredients":[
                {
                    "name":"String",
                    "quantity":15
                },
                {
                    "name":"Basic leather",
                    "quantity":5
                },
                {
                    "name":"Copper ingot",
                    "quantity":5
                },
                {
                    "name":"Flickering ember",
                    "quantity":10
                }
            ]
        },
        {
            "name":"Blanket",
            "quantity":2,
            "stationLvl":1,
            "tiers":1,
            "ingredients":[
                {
                    "name":"Sewing tools",
                    "quantity":1
                },
                {
                    "name":"String",
                    "quantity":5
                }
            ]
        },
        {
            "name":"Tattered cloth chest",
            "quantity":1,
            "stationLvl":1,
            "tiers":1,
            "ingredients":[
                {
                    "name":"String",
                    "quantity":25
                },
                {
                    "name":"Basic leather",
                    "quantity":10
                },
                {
                    "name":"Titanium ingot",
                    "quantity":5
                },
                {
                    "name":"Flickering ember",
                    "quantity":15
                }
            ]
        },
        {
            "name":"Tattered cloth boots",
            "quantity":1,
            "stationLvl":1,
            "tiers":1,
            "ingredients":[
                {
                    "name":"String",
                    "quantity":20
                },
                {
                    "name":"Basic leather",
                    "quantity":7
                },
                {
                    "name":"Titanium ingot",
                    "quantity":5
                },
                {
                    "name":"Flickering ember",
                    "quantity":15
                }
            ]
        },
        {
            "name":"Vitality necklace",
            "quantity":1,
            "stationLvl":1,
            "tiers":1,
            "ingredients":[
                {
                    "name":"String",
                    "quantity":321
                },
                {
                    "name":"Amber fragments",
                    "quantity":60
                },
                {
                    "name":"Minor rune",
                    "quantity":10
                },
                {
                    "name":"Flickering ember",
                    "quantity":40
                }
            ]
        },
        {
            "name":"Basic fabric materials",
            "quantity":1,
            "stationLvl":1,
            "tiers":1,
            "ingredients":[
                {
                    "name":"String",
                    "quantity":20
                }
            ]
        },
        {
            "name":"Military patch",
            "quantity":1,
            "stationLvl":2,
            "tiers":1,
            "ingredients":[
                {
                    "name":"String",
                    "quantity":2
                },
                {
                    "name":"Basic leather",
                    "quantity":1
                },
                {
                    "name":"Sewing tools",
                    "quantity":1
                }
            ]
        },
        {
            "name":"Dreamcatcher",
            "quantity":1,
            "stationLvl":2,
            "tiers":2,
            "ingredients":[
                {
                    "name":"Hen feather",
                    "quantity":2
                },
                {
                    "name":"String",
                    "quantity":2
                },
                {
                    "name":"Medium wood plank",
                    "quantity":1
                }
            ]
        },
        {
            "name":"Squire's cloth helmet",
            "quantity":1,
            "stationLvl":2,
            "tiers":2,
            "ingredients":[
                {
                    "name":"Cotton thread",
                    "quantity":30
                },
                {
                    "name":"Steady leather",
                    "quantity":10
                },
                {
                    "name":"Iron ingot",
                    "quantity":10
                },
                {
                    "name":"Glowing ember",
                    "quantity":20
                }
            ]
        },
        {
            "name":"Squire's cloth gloves",
            "quantity":1,
            "stationLvl":2,
            "tiers":2,
            "ingredients":[
                {
                    "name":"Cotton thread",
                    "quantity":30
                },
                {
                    "name":"Steady leather",
                    "quantity":10
                },
                {
                    "name":"Iron ingot",
                    "quantity":10
                },
                {
                    "name":"Glowing ember",
                    "quantity":20
                }
            ]
        },
        {
            "name":"Lethality necklace",
            "quantity":1,
            "stationLvl":2,
            "tiers":2,
            "ingredients":[
                {
                    "name":"Cotton thread",
                    "quantity":32
                },
                {
                    "name":"Goat horn",
                    "quantity":24
                },
                {
                    "name":"Lesser rune",
                    "quantity":10
                },
                {
                    "name":"Glowing ember",
                    "quantity":40
                }
            ]
        },
        {
            "name":"Steady fabric materials",
            "quantity":1,
            "stationLvl":2,
            "tiers":2,
            "ingredients":[
                {
                    "name":"Cotton thread",
                    "quantity":20
                }
            ]
        },
        {
            "name":"Handkerchief",
            "quantity":1,
            "stationLvl":3,
            "tiers":2,
            "ingredients":[
                {
                    "name":"String",
                    "quantity":3
                },
                {
                    "name":"Dye",
                    "quantity":2
                },
                {
                    "name":"Sewing tools",
                    "quantity":1
                }
            ]
        },
        {
            "name":"Tapestry",
            "quantity":1,
            "stationLvl":3,
            "tiers":2,
            "ingredients":[
                {
                    "name":"String",
                    "quantity":5
                },
                {
                    "name":"Steady leather",
                    "quantity":2
                },
                {
                    "name":"Dye",
                    "quantity":3
                },
                {
                    "name":"Glowing ember",
                    "quantity":20
                }
            ]
        },
        {
            "name":"Squire's cloth chest",
            "quantity":1,
            "stationLvl":3,
            "tiers":2,
            "ingredients":[
                {
                    "name":"Cotton thread",
                    "quantity":50
                },
                {
                    "name":"Steady leather",
                    "quantity":10
                },
                {
                    "name":"Silver ingot",
                    "quantity":10
                },
                {
                    "name":"Glowing ember",
                    "quantity":40
                }
            ]
        },
        {
            "name":"Squire's cloth boots",
            "quantity":1,
            "stationLvl":3,
            "tiers":2,
            "ingredients":[
                {
                    "name":"Cotton thread",
                    "quantity":10
                },
                {
                    "name":"Steady leather",
                    "quantity":10
                },
                {
                    "name":"Silver ingot",
                    "quantity":10
                },
                {
                    "name":"Glowing ember",
                    "quantity":30
                }
            ]
        },
        {
            "name":"Wet towel",
            "quantity":1,
            "stationLvl":4,
            "tiers":3,
            "ingredients":[
                {
                    "name":"Wool ball",
                    "quantity":2
                },
                {
                    "name":"Water",
                    "quantity":4
                }
            ]
        },
        {
            "name":"Sentinel's cloth helmet",
            "quantity":1,
            "stationLvl":4,
            "tiers":3,
            "ingredients":[
                {
                    "name":"Wool ball",
                    "quantity":30
                },
                {
                    "name":"Stiff leather",
                    "quantity":10
                },
                {
                    "name":"Gold ingot",
                    "quantity":10
                },
                {
                    "name":"Shining ember",
                    "quantity":20
                }
            ]
        },
        {
            "name":"Sentinel's cloth gloves",
            "quantity":1,
            "stationLvl":4,
            "tiers":3,
            "ingredients":[
                {
                    "name":"Wool ball",
                    "quantity":30
                },
                {
                    "name":"Stiff leather",
                    "quantity":10
                },
                {
                    "name":"Gold ingot",
                    "quantity":10
                },
                {
                    "name":"Shining ember",
                    "quantity":20
                }
            ]
        },
        {
            "name":"Arcane necklace",
            "quantity":1,
            "stationLvl":4,
            "tiers":3,
            "ingredients":[
                {
                    "name":"Wool ball",
                    "quantity":32
                },
                {
                    "name":"Quartz block",
                    "quantity":24
                },
                {
                    "name":"Moon dust",
                    "quantity":32
                },
                {
                    "name":"Strong rune",
                    "quantity":10
                },
                {
                    "name":"Shining ember",
                    "quantity":40
                }
            ]
        },
        {
            "name":"Ferocity necklace",
            "quantity":1,
            "stationLvl":4,
            "tiers":3,
            "ingredients":[
                {
                    "name":"Wool ball",
                    "quantity":32
                },
                {
                    "name":"Platinum ingot",
                    "quantity":24
                },
                {
                    "name":"Goat horn",
                    "quantity":24
                },
                {
                    "name":"Strong rune",
                    "quantity":10
                },
                {
                    "name":"Shining ember",
                    "quantity":40
                }
            ]
        },
        {
            "name":"Sturdy fabric materials",
            "quantity":1,
            "stationLvl":4,
            "tiers":3,
            "ingredients":[
                {
                    "name":"Wool ball",
                    "quantity":20
                }
            ]
        },
        {
            "name":"Sentinel's cloth boots",
            "quantity":1,
            "stationLvl":5,
            "tiers":3,
            "ingredients":[
                {
                    "name":"Wool ball",
                    "quantity":40
                },
                {
                    "name":"Stiff leather",
                    "quantity":10
                },
                {
                    "name":"Platinum ingot",
                    "quantity":10
                },
                {
                    "name":"Shining ember",
                    "quantity":30
                }
            ]
        },
        {
            "name":"Wool doll",
            "quantity":1,
            "stationLvl":5,
            "tiers":3,
            "ingredients":[
                {
                    "name":"Wool ball",
                    "quantity":5
                },
                {
                    "name":"Sewing tools",
                    "quantity":1
                }
            ]
        },
        {
            "name":"Sentinel's cloth chest",
            "quantity":1,
            "stationLvl":5,
            "tiers":3,
            "ingredients":[
                {
                    "name":"Wool ball",
                    "quantity":50
                },
                {
                    "name":"Stiff leather",
                    "quantity":10
                },
                {
                    "name":"Platinum ingot",
                    "quantity":10
                },
                {
                    "name":"Shining ember",
                    "quantity":40
                }
            ]
        },
        {
            "name":"Restoration necklace",
            "quantity":1,
            "stationLvl":5,
            "tiers":4,
            "ingredients":[
                {
                    "name":"Linen thread",
                    "quantity":32
                },
                {
                    "name":"Basalt block",
                    "quantity":24
                },
                {
                    "name":"Nymph tears",
                    "quantity":10
                },
                {
                    "name":"Mighty rune",
                    "quantity":10
                },
                {
                    "name":"Radiant ember",
                    "quantity":40
                }
            ]
        },
        {
            "name":"Ruthlessness necklace",
            "quantity":1,
            "stationLvl":5,
            "tiers":4,
            "ingredients":[
                {
                    "name":"Linen thread",
                    "quantity":32
                },
                {
                    "name":"Rabbit foot",
                    "quantity":80
                },
                {
                    "name":"Linen flower",
                    "quantity":40
                },
                {
                    "name":"Mighty rune",
                    "quantity":10
                },
                {
                    "name":"Radiant ember",
                    "quantity":40
                }
            ]
        },
        {
            "name":"Soldier's cloth gloves",
            "quantity":1,
            "stationLvl":5,
            "tiers":4,
            "ingredients":[
                {
                    "name":"Linen thread",
                    "quantity":60
                },
                {
                    "name":"Tough leather",
                    "quantity":20
                },
                {
                    "name":"Orichalcum ingot",
                    "quantity":20
                },
                {
                    "name":"Radiant ember",
                    "quantity":40
                }
            ]
        },
        {
            "name":"Soldier's cloth helmet",
            "quantity":1,
            "stationLvl":5,
            "tiers":4,
            "ingredients":[
                {
                    "name":"Linen thread",
                    "quantity":60
                },
                {
                    "name":"Tough leather",
                    "quantity":20
                },
                {
                    "name":"Orichalcum ingot",
                    "quantity":20
                },
                {
                    "name":"Radiant ember",
                    "quantity":40
                }
            ]
        },
        {
            "name":"Strong fabric materials",
            "quantity":1,
            "stationLvl":5,
            "tiers":4,
            "ingredients":[
                {
                    "name":"Linen thread",
                    "quantity":20
                }
            ]
        },
        {
            "name":"Ceremonial stole",
            "quantity":1,
            "stationLvl":6,
            "tiers":4,
            "ingredients":[
                {
                    "name":"Wool ball",
                    "quantity":8
                },
                {
                    "name":"String",
                    "quantity":8
                },
                {
                    "name":"Mithril ingot",
                    "quantity":2
                },
                {
                    "name":"Sewing tools",
                    "quantity":1
                }
            ]
        },
        {
            "name":"Soldier's cloth boots",
            "quantity":1,
            "stationLvl":6,
            "tiers":4,
            "ingredients":[
                {
                    "name":"Linen thread",
                    "quantity":80
                },
                {
                    "name":"Mithril ingot",
                    "quantity":20
                },
                {
                    "name":"Tough leather",
                    "quantity":20
                },
                {
                    "name":"Radiant ember",
                    "quantity":60
                }
            ]
        },
        {
            "name":"Soldier's cloth chest",
            "quantity":1,
            "stationLvl":6,
            "tiers":4,
            "ingredients":[
                {
                    "name":"Linen thread",
                    "quantity":100
                },
                {
                    "name":"Mithril ingot",
                    "quantity":20
                },
                {
                    "name":"Tough leather",
                    "quantity":20
                },
                {
                    "name":"Radiant ember",
                    "quantity":80
                }
            ]
        },
        {
            "name":"Champion's cloth boots",
            "quantity":1,
            "stationLvl":6,
            "tiers":4,
            "ingredients":[
                {
                    "name":"Linen thread",
                    "quantity":100
                },
                {
                    "name":"Mithril ingot",
                    "quantity":20
                },
                {
                    "name":"Tough leather",
                    "quantity":20
                },
                {
                    "name":"Radiant ember",
                    "quantity":80
                }
            ]
        },
        {
            "name":"Champion's cloth chest",
            "quantity":1,
            "stationLvl":7,
            "tiers":5,
            "ingredients":[
                {
                    "name":"Fine wool ball",
                    "quantity":100
                },
                {
                    "name":"Alurita ingot",
                    "quantity":20
                },
                {
                    "name":"Hardened leather",
                    "quantity":20
                },
                {
                    "name":"Blazing ember",
                    "quantity":80
                }
            ]
        },
        {
            "name":"Champion's cloth gloves",
            "quantity":1,
            "stationLvl":7,
            "tiers":5,
            "ingredients":[
                {
                    "name":"Fine wool ball",
                    "quantity":60
                },
                {
                    "name":"Obsidian ingot",
                    "quantity":20
                },
                {
                    "name":"Hardened leather",
                    "quantity":20
                },
                {
                    "name":"Blazing ember",
                    "quantity":40
                }
            ]
        },
        {
            "name":"Champion's cloth helmet",
            "quantity":1,
            "stationLvl":7,
            "tiers":5,
            "ingredients":[
                {
                    "name":"Fine wool ball",
                    "quantity":60
                },
                {
                    "name":"Obsidian ingot",
                    "quantity":20
                },
                {
                    "name":"Hardened leather",
                    "quantity":20
                },
                {
                    "name":"Blazing ember",
                    "quantity":40
                }
            ]
        },
        {
            "name":"Fabled arcane necklace",
            "quantity":1,
            "stationLvl":7,
            "tiers":5,
            "ingredients":[
                {
                    "name":"Fine wool ball",
                    "quantity":32
                },
                {
                    "name":"Kronita block",
                    "quantity":36
                },
                {
                    "name":"Unicorn blood",
                    "quantity":60
                },
                {
                    "name":"Fabled rune",
                    "quantity":10
                },
                {
                    "name":"Blazing ember",
                    "quantity":40
                }
            ]
        },
        {
            "name":"Fabled ferocity necklace",
            "quantity":1,
            "stationLvl":7,
            "tiers":5,
            "ingredients":[
                {
                    "name":"Fine wool ball",
                    "quantity":32
                },
                {
                    "name":"Caprivee horn",
                    "quantity":18
                },
                {
                    "name":"Alurita ingot",
                    "quantity":36
                },
                {
                    "name":"Fabled rune",
                    "quantity":10
                },
                {
                    "name":"Blazing ember",
                    "quantity":40
                }
            ]
        },
        {
            "name":"Fabled restoration necklace",
            "quantity":1,
            "stationLvl":7,
            "tiers":5,
            "ingredients":[
                {
                    "name":"Fine wool ball",
                    "quantity":32
                },
                {
                    "name":"Unicorn blood",
                    "quantity":120
                },
                {
                    "name":"Pearl",
                    "quantity":4
                },
                {
                    "name":"Fabled rune",
                    "quantity":10
                },
                {
                    "name":"Blazing ember",
                    "quantity":40
                }
            ]
        },
        {
            "name":"Fabled ruthlessness necklace",
            "quantity":1,
            "stationLvl":7,
            "tiers":5,
            "ingredients":[
                {
                    "name":"Fine wool ball",
                    "quantity":32
                },
                {
                    "name":"Rabbit foot",
                    "quantity":120
                },
                {
                    "name":"Pearl",
                    "quantity":4
                },
                {
                    "name":"Fabled rune",
                    "quantity":10
                },
                {
                    "name":"Blazing ember",
                    "quantity":40
                }
            ]
        },
        {
            "name":"Inventory dimensional bag",
            "quantity":1,
            "stationLvl":7,
            "tiers":5,
            "ingredients":[
                {
                    "name":"Fine wool ball",
                    "quantity":6
                },
                {
                    "name":"Nebulous pearl",
                    "quantity":1
                },
                {
                    "name":"Hardened leather",
                    "quantity":6
                }
            ]
        },
        {
            "name":"Unbreakable fabric materials",
            "quantity":1,
            "stationLvl":7,
            "tiers":5,
            "ingredients":[
                {
                    "name":"Fine wool ball",
                    "quantity":80
                }
            ]
        }
    ]
}
