{
    "recipes" : [
        {
            "name":"Tattered leather boots",
            "quantity":1,
            "stationLvl":1,
            "ingredients":[
                {
                    "name":"Basic leather",
                    "quantity":20
                },
                {
                    "name":"String",
                    "quantity":7
                },
                {
                    "name":"Titanium ingot",
                    "quantity":5
                },
                {
                    "name":"Flickering ember",
                    "quantity":15
                }
            ]
        },
        {
            "name":"Tattered leather chest",
            "quantity":1,
            "stationLvl":1,
            "ingredients":[
                {
                    "name":"Basic leather",
                    "quantity":25
                },
                {
                    "name":"String",
                    "quantity":10
                },
                {
                    "name":"Titanium ingot",
                    "quantity":5
                },
                {
                    "name":"Flickering ember",
                    "quantity":15
                }
            ]
        },
        {
            "name":"Tattered leather gloves",
            "quantity":1,
            "stationLvl":1,
            "ingredients":[
                {
                    "name":"Basic leather",
                    "quantity":15
                },
                {
                    "name":"String",
                    "quantity":5
                },
                {
                    "name":"Copper ingot",
                    "quantity":5
                },
                {
                    "name":"Flickering ember",
                    "quantity":10
                }
            ]
        },
        {
            "name":"Tattered leather hood",
            "quantity":1,
            "stationLvl":1,
            "ingredients":[
                {
                    "name":"Basic leather",
                    "quantity":15
                },
                {
                    "name":"String",
                    "quantity":5
                },
                {
                    "name":"Copper ingot",
                    "quantity":5
                },
                {
                    "name":"Flickering ember",
                    "quantity":10
                }
            ]
        },
        {
            "name":"Diaper",
            "quantity":1,
            "stationLvl":2,
            "ingredients":[
                {
                    "name":"Basic leather",
                    "quantity":3
                },
                {
                    "name":"String",
                    "quantity":2
                }
            ]
        },
        {
            "name":"Leather ball",
            "quantity":1,
            "stationLvl":2,
            "ingredients":[
                {
                    "name":"Basic leather",
                    "quantity":3
                },
                {
                    "name":"Water",
                    "quantity":2
                }
            ]
        },
        {
            "name":"Squire's leather gloves",
            "quantity":1,
            "stationLvl":2,
            "ingredients":[
                {
                    "name":"Steady leather",
                    "quantity":30
                },
                {
                    "name":"Cotton thread",
                    "quantity":10
                },
                {
                    "name":"Iron ingot",
                    "quantity":10
                },
                {
                    "name":"Glowing ember",
                    "quantity":20
                }
            ]
        },
        {
            "name":"Squire's leather hood",
            "quantity":1,
            "stationLvl":2,
            "ingredients":[
                {
                    "name":"Steady leather",
                    "quantity":30
                },
                {
                    "name":"Cotton thread",
                    "quantity":10
                },
                {
                    "name":"Iron ingot",
                    "quantity":10
                },
                {
                    "name":"Glowing ember",
                    "quantity":20
                }
            ]
        },
        {
            "name":"Worker apron",
            "quantity":1,
            "stationLvl":2,
            "ingredients":[
                {
                    "name":"Steady leather",
                    "quantity":2
                },
                {
                    "name":"Cotton thread",
                    "quantity":4
                },
                {
                    "name":"Sewing tools",
                    "quantity":2
                }
            ]
        },
        {
            "name":"Cushion",
            "quantity":1,
            "stationLvl":3,
            "ingredients":[
                {
                    "name":"Hen feather",
                    "quantity":2
                },
                {
                    "name":"Steady leather",
                    "quantity":2
                }
            ]
        },
        {
            "name":"Embossed leather painting",
            "quantity":1,
            "stationLvl":3,
            "ingredients":[
                {
                    "name":"Steady leather",
                    "quantity":3
                },
                {
                    "name":"Softwood plank",
                    "quantity":2
                },
                {
                    "name":"Dye",
                    "quantity":2
                }
            ]
        },
        {
            "name":"Protective case",
            "quantity":1,
            "stationLvl":3,
            "ingredients":[
                {
                    "name":"String",
                    "quantity":2
                },
                {
                    "name":"Steady leather",
                    "quantity":2
                }
            ]
        },
        {
            "name":"Squire's leather boots",
            "quantity":1,
            "stationLvl":3,
            "ingredients":[
                {
                    "name":"Steady leather",
                    "quantity":40
                },
                {
                    "name":"Silver ingot",
                    "quantity":10
                },
                {
                    "name":"Cotton thread",
                    "quantity":10
                },
                {
                    "name":"Glowing ember",
                    "quantity":30
                }
            ]
        },
        {
            "name":"Squire's leather chest",
            "quantity":1,
            "stationLvl":3,
            "ingredients":[
                {
                    "name":"Steady leather",
                    "quantity":50
                },
                {
                    "name":"Silver ingot",
                    "quantity":10
                },
                {
                    "name":"Cotton thread",
                    "quantity":10
                },
                {
                    "name":"Glowing ember",
                    "quantity":40
                }
            ]
        },
        {
            "name":"Sentinel's leather gloves",
            "quantity":1,
            "stationLvl":4,
            "ingredients":[
                {
                    "name":"Steady leather",
                    "quantity":30
                },
                {
                    "name":"Wool ball",
                    "quantity":10
                },
                {
                    "name":"Gold ingot",
                    "quantity":10
                },
                {
                    "name":"Shining ember",
                    "quantity":20
                }
            ]
        },
        {
            "name":"Sentinel's leather helmet",
            "quantity":1,
            "stationLvl":4,
            "ingredients":[
                {
                    "name":"Steady leather",
                    "quantity":30
                },
                {
                    "name":"Wool ball",
                    "quantity":10
                },
                {
                    "name":"Gold ingot",
                    "quantity":10
                },
                {
                    "name":"Shining ember",
                    "quantity":20
                }
            ]
        },
        {
            "name":"Sentinel's leather boots",
            "quantity":1,
            "stationLvl":5,
            "ingredients":[
                {
                    "name":"Steady leather",
                    "quantity":40
                },
                {
                    "name":"Platinum ingot",
                    "quantity":10
                },
                {
                    "name":"Wool ball",
                    "quantity":10
                },
                {
                    "name":"Shining ember",
                    "quantity":30
                }
            ]
        },
        {
            "name":"Sentinel's leather chest",
            "quantity":1,
            "stationLvl":5,
            "ingredients":[
                {
                    "name":"Steady leather",
                    "quantity":50
                },
                {
                    "name":"Platinum ingot",
                    "quantity":10
                },
                {
                    "name":"Wool ball",
                    "quantity":10
                },
                {
                    "name":"Shining ember",
                    "quantity":40
                }
            ]
        },
        {
            "name":"Soldier's leather gloves",
            "quantity":1,
            "stationLvl":5,
            "ingredients":[
                {
                    "name":"Tough leather",
                    "quantity":60
                },
                {
                    "name":"Linen thread",
                    "quantity":20
                },
                {
                    "name":"Orichalcum ingot",
                    "quantity":20
                },
                {
                    "name":"Radiant ember",
                    "quantity":40
                }
            ]
        },
        {
            "name":"Soldier's leather helmet",
            "quantity":1,
            "stationLvl":5,
            "ingredients":[
                {
                    "name":"Tough leather",
                    "quantity":60
                },
                {
                    "name":"Linen thread",
                    "quantity":20
                },
                {
                    "name":"Orichalcum ingot",
                    "quantity":20
                },
                {
                    "name":"Radiant ember",
                    "quantity":40
                }
            ]
        },
        {
            "name":"Soldier's leather boots",
            "quantity":1,
            "stationLvl":6,
            "ingredients":[
                {
                    "name":"Tough leather",
                    "quantity":80
                },
                {
                    "name":"Mithril ingot",
                    "quantity":20
                },
                {
                    "name":"Linen thread",
                    "quantity":20
                },
                {
                    "name":"Radiant ember",
                    "quantity":60
                }
            ]
        },
        {
            "name":"Soldier's leather chest",
            "quantity":1,
            "stationLvl":6,
            "ingredients":[
                {
                    "name":"Tough leather",
                    "quantity":100
                },
                {
                    "name":"Mithril ingot",
                    "quantity":20
                },
                {
                    "name":"Linen thread",
                    "quantity":20
                },
                {
                    "name":"Radiant ember",
                    "quantity":80
                }
            ]
        },
        {
            "name":"Ceremonial belt",
            "quantity":1,
            "stationLvl":7,
            "ingredients":[
                {
                    "name":"Hardened leather",
                    "quantity":4
                },
                {
                    "name":"Nails",
                    "quantity":5
                },
                {
                    "name":"Platinum ingot",
                    "quantity":3
                },
                {
                    "name":"Alurita ingot",
                    "quantity":3
                }
            ]
        },
        {
            "name":"Champion's leather boots",
            "quantity":1,
            "stationLvl":7,
            "ingredients":[
                {
                    "name":"Hardened leather",
                    "quantity":80
                },
                {
                    "name":"Alurita ingot",
                    "quantity":20
                },
                {
                    "name":"Fine wool ball",
                    "quantity":20
                },
                {
                    "name":"Blazing ember",
                    "quantity":60
                }
            ]
        },
        {
            "name":"Champion's leather chest",
            "quantity":1,
            "stationLvl":7,
            "ingredients":[
                {
                    "name":"Hardened leather",
                    "quantity":100
                },
                {
                    "name":"Alurita ingot",
                    "quantity":20
                },
                {
                    "name":"Fine wool ball",
                    "quantity":20
                },
                {
                    "name":"Blazing ember",
                    "quantity":80
                }
            ]
        },
        {
            "name":"Champion's leather gloves",
            "quantity":1,
            "stationLvl":7,
            "ingredients":[
                {
                    "name":"Hardened leather",
                    "quantity":60
                },
                {
                    "name":"Fine wool ball",
                    "quantity":20
                },
                {
                    "name":"Obsidian ingot",
                    "quantity":20
                },
                {
                    "name":"Blazing ember",
                    "quantity":40
                }
            ]
        },
        {
            "name":"Champion's leather helmet",
            "quantity":1,
            "stationLvl":7,
            "ingredients":[
                {
                    "name":"Hardened leather",
                    "quantity":60
                },
                {
                    "name":"Fine wool ball",
                    "quantity":20
                },
                {
                    "name":"Obsidian ingot",
                    "quantity":20
                },
                {
                    "name":"Blazing ember",
                    "quantity":40
                }
            ]
        }
    ]
}
