{
    "recipes" : [
        {
            "name":"Basic materials pack",
            "quantity":1,
            "workbench":"Ressource packs",
            "stationLvl":1,
            "ingredients":[
                {
                    "name":"Basic wood materials",
                    "quantity":1
                },
                {
                    "name":"Basic metal materials",
                    "quantity":1
                },
                {
                    "name":"Basic stone materials",
                    "quantity":1
                }
            ]
        },
        {
            "name":"Lucky pack",
            "quantity":1,
            "workbench":"Ressource packs",
            "stationLvl":1,
            "ingredients":[
                {
                    "name":"Rabbit foot",
                    "quantity":10
                },
                {
                    "name":"Hen feather",
                    "quantity":10
                }
            ]
        },
        {
            "name":"Glue pack",
            "quantity":1,
            "workbench":"Ressource packs",
            "stationLvl":1,
            "ingredients":[
                {
                    "name":"Resin",
                    "quantity":20
                },
                {
                    "name":"Wax",
                    "quantity":20
                }
            ]
        },
        {
            "name":"Basic blocks pack",
            "quantity":1,
            "workbench":"Ressource packs",
            "stationLvl":2,
            "ingredients":[
                {
                    "name":"Basic stone materials",
                    "quantity":1
                },
                {
                    "name":"Steady stone materials",
                    "quantity":1
                }
            ]
        },
        {
            "name":"Basic ingots pack",
            "quantity":1,
            "workbench":"Ressource packs",
            "stationLvl":2,
            "ingredients":[
                {
                    "name":"Basic metal materials",
                    "quantity":1
                },
                {
                    "name":"Steady metal materials",
                    "quantity":1
                }
            ]
        },
        {
            "name":"Basic leathers pack",
            "quantity":1,
            "workbench":"Ressource packs",
            "stationLvl":2,
            "ingredients":[
                {
                    "name":"Basic leather",
                    "quantity":20
                },
                {
                    "name":"Steady leather",
                    "quantity":20
                }
            ]
        },
        {
            "name":"Basic planks pack",
            "quantity":1,
            "workbench":"Ressource packs",
            "stationLvl":2,
            "ingredients":[
                {
                    "name":"Basic wood materials",
                    "quantity":1
                },
                {
                    "name":"Steady wood materials",
                    "quantity":1
                }
            ]
        },
        {
            "name":"Basic textile pack",
            "quantity":1,
            "workbench":"Ressource packs",
            "stationLvl":2,
            "ingredients":[
                {
                    "name":"Basic fabric materials",
                    "quantity":1
                },
                {
                    "name":"Steady fabric materials",
                    "quantity":1
                }
            ]
        },
        {
            "name":"Steady materials pack",
            "quantity":1,
            "workbench":"Ressource packs",
            "stationLvl":2,
            "ingredients":[
                {
                    "name":"Steady wood materials",
                    "quantity":1
                },
                {
                    "name":"Steady metal materials",
                    "quantity":1
                },
                {
                    "name":"Steady fabric materials",
                    "quantity":1
                }
            ]
        },
        {
            "name":"Sturdy materials pack",
            "quantity":1,
            "workbench":"Ressource packs",
            "stationLvl":3,
            "ingredients":[
                {
                    "name":"Sturdy wood materials",
                    "quantity":1
                },
                {
                    "name":"Sturdy metal materials",
                    "quantity":1
                },
                {
                    "name":"Sturdy fabric materials",
                    "quantity":1
                }
            ]
        },
        {
            "name":"Value ingots pack",
            "quantity":1,
            "workbench":"Ressource packs",
            "stationLvl":4,
            "ingredients":[
                {
                    "name":"Sturdy metal materials",
                    "quantity":1
                },
                {
                    "name":"Strong metal materials",
                    "quantity":1
                }
            ]
        },
        {
            "name":"Value leathers pack",
            "quantity":1,
            "workbench":"Ressource packs",
            "stationLvl":4,
            "ingredients":[
                {
                    "name":"Stiff leather",
                    "quantity":20
                },
                {
                    "name":"Tough leather",
                    "quantity":20
                }
            ]
        },
        {
            "name":"Value planks pack",
            "quantity":1,
            "workbench":"Ressource packs",
            "stationLvl":4,
            "ingredients":[
                {
                    "name":"Sturdy wood materials",
                    "quantity":1
                },
                {
                    "name":"Strong wood materials",
                    "quantity":1
                }
            ]
        },
        {
            "name":"Value textile pack",
            "quantity":1,
            "workbench":"Ressource packs",
            "stationLvl":4,
            "ingredients":[
                {
                    "name":"Sturdy fabric materials",
                    "quantity":1
                },
                {
                    "name":"Strong fabric materials",
                    "quantity":1
                }
            ]
        },
        {
            "name":"Value blocks pack",
            "quantity":1,
            "workbench":"Ressource packs",
            "stationLvl":4,
            "ingredients":[
                {
                    "name":"Sturdy stone materials",
                    "quantity":1
                },
                {
                    "name":"Strong stone materials",
                    "quantity":1
                }
            ]
        },
        {
            "name":"Strong materials pack",
            "quantity":1,
            "workbench":"Ressource packs",
            "stationLvl":4,
            "ingredients":[
                {
                    "name":"Strong wood materials",
                    "quantity":1
                },
                {
                    "name":"Strong metal materials",
                    "quantity":1
                },
                {
                    "name":"Strong stone materials",
                    "quantity":1
                }
            ]
        },
        {
            "name":"Trophy pack",
            "quantity":1,
            "workbench":"Ressource packs",
            "stationLvl":5,
            "ingredients":[
                {
                    "name":"Goat horn",
                    "quantity":10
                },
                {
                    "name":"Cow horn",
                    "quantity":10
                },
                {
                    "name":"Caprivee horn",
                    "quantity":5
                }
            ]
        },
        {
            "name":"Exotic blocks pack",
            "quantity":1,
            "workbench":"Ressource packs",
            "stationLvl":5,
            "ingredients":[
                {
                    "name":"Unbreakable stone materials",
                    "quantity":1
                }
            ]
        },
        {
            "name":"Exotic ingots pack",
            "quantity":1,
            "workbench":"Ressource packs",
            "stationLvl":5,
            "ingredients":[
                {
                    "name":"Unbreakable metal materials",
                    "quantity":1
                }
            ]
        },
        {
            "name":"Exotic planks pack",
            "quantity":1,
            "workbench":"Ressource packs",
            "stationLvl":5,
            "ingredients":[
                {
                    "name":"Unbreakable wood materials",
                    "quantity":1
                }
            ]
        },
        {
            "name":"Exotic leathers pack",
            "quantity":1,
            "workbench":"Ressource packs",
            "stationLvl":5,
            "ingredients":[
                {
                    "name":"Hardened leather",
                    "quantity":1
                }
            ]
        },
        {
            "name":"Exotic textile pack",
            "quantity":1,
            "workbench":"Ressource packs",
            "stationLvl":5,
            "ingredients":[
                {
                    "name":"Unbreakable fabric materials",
                    "quantity":1
                }
            ]
        },
        {
            "name":"Unbreakable materials pack",
            "quantity":1,
            "workbench":"Ressource packs",
            "stationLvl":5,
            "ingredients":[
                {
                    "name":"Unbreakable wood materials",
                    "quantity":1
                },
                {
                    "name":"Unbreakable metal materials",
                    "quantity":1
                },
                {
                    "name":"Unbreakable stone materials",
                    "quantity":1
                }
            ]
        },
        {
            "name":"Basics sewing pack",
            "quantity":1,
            "workbench":"Specialized packs",
            "stationLvl":1,
            "ingredients":[
                {
                    "name":"Sewing tools",
                    "quantity":10
                }
            ]
        },
        {
            "name":"Toys pack",
            "quantity":1,
            "workbench":"Specialized packs",
            "stationLvl":1,
            "ingredients":[
                {
                    "name":"Bird figurine",
                    "quantity":2
                },
                {
                    "name":"Woodcarving horse",
                    "quantity":2
                }
            ]
        },
        {
            "name":"School supply pack",
            "quantity":1,
            "workbench":"Specialized packs",
            "stationLvl":1,
            "ingredients":[
                {
                    "name":"Chalk",
                    "quantity":5
                },
                {
                    "name":"Slate block",
                    "quantity":10
                }
            ]
        },
        {
            "name":"Trinkets market pack",
            "quantity":1,
            "workbench":"Specialized packs",
            "stationLvl":1,
            "ingredients":[
                {
                    "name":"Beaded bracelet",
                    "quantity":2
                },
                {
                    "name":"Handkerchief",
                    "quantity":2
                },
                {
                    "name":"Tapestry",
                    "quantity":2
                },
                {
                    "name":"Amphora",
                    "quantity":4
                }
            ]
        },
        {
            "name":"Veterans aid pack",
            "quantity":1,
            "workbench":"Specialized packs",
            "stationLvl":1,
            "ingredients":[
                {
                    "name":"Military patch",
                    "quantity":5
                },
                {
                    "name":"Small healing potion",
                    "quantity":10
                }
            ]
        },
        {
            "name":"Ritual pack",
            "quantity":1,
            "workbench":"Specialized packs",
            "stationLvl":3,
            "ingredients":[
                {
                    "name":"Ritual lantern",
                    "quantity":1
                },
                {
                    "name":"Ritual mask",
                    "quantity":1
                },
                {
                    "name":"Ritual necklace",
                    "quantity":1
                },
                {
                    "name":"Ritual horn",
                    "quantity":1
                }
            ]
        },
        {
            "name":"Workshop-ready pack",
            "quantity":1,
            "workbench":"Specialized packs",
            "stationLvl":3,
            "ingredients":[
                {
                    "name":"Worker apron",
                    "quantity":5
                }
            ]
        },
        {
            "name":"Cooking basics pack",
            "quantity":1,
            "workbench":"Specialized packs",
            "stationLvl":4,
            "ingredients":[
                {
                    "name":"Oil",
                    "quantity":5
                },
                {
                    "name":"Salt",
                    "quantity":20
                },
                {
                    "name":"Flour",
                    "quantity":10
                }
            ]
        },
        {
            "name":"Art collector pack",
            "quantity":1,
            "workbench":"Specialized packs",
            "stationLvl":5,
            "ingredients":[
                {
                    "name":"Decorative bust",
                    "quantity":1
                },
                {
                    "name":"Mosaic",
                    "quantity":1
                },
                {
                    "name":"Embossed leather painting",
                    "quantity":1
                }
            ]
        },
        {
            "name":"Ornaments pack",
            "quantity":1,
            "workbench":"Specialized packs",
            "stationLvl":5,
            "ingredients":[
                {
                    "name":"Ceremonial ring",
                    "quantity":1
                },
                {
                    "name":"Ceremonial stole",
                    "quantity":1
                },
                {
                    "name":"Ceremonial belt",
                    "quantity":1
                },
                {
                    "name":"Ceremonial crown",
                    "quantity":1
                },
                {
                    "name":"Ceremonial horn",
                    "quantity":1
                }
            ]
        },
        {
            "name":"Basic meats pack",
            "quantity":1,
            "workbench":"Ingredient packs",
            "stationLvl":1,
            "ingredients":[
                {
                    "name":"Rabbit meat",
                    "quantity":10
                },
                {
                    "name":"Hen meat",
                    "quantity":10
                }
            ]
        },
        {
            "name":"Basic vegetables pack",
            "quantity":1,
            "workbench":"Ingredient packs",
            "stationLvl":1,
            "ingredients":[
                {
                    "name":"Carrot",
                    "quantity":30
                },
                {
                    "name":"Potato",
                    "quantity":30
                },
                {
                    "name":"Cucumber",
                    "quantity":30
                },
                {
                    "name":"Garlic",
                    "quantity":30
                }
            ]
        },
        {
            "name":"Carrots pack",
            "quantity":1,
            "workbench":"Ingredient packs",
            "stationLvl":1,
            "ingredients":[
                {
                    "name":"Carrot",
                    "quantity":30
                }
            ]
        },
        {
            "name":"Cucumbers pack",
            "quantity":1,
            "workbench":"Ingredient packs",
            "stationLvl":1,
            "ingredients":[
                {
                    "name":"Cucumber",
                    "quantity":30
                }
            ]
        },
        {
            "name":"Eggs pack",
            "quantity":1,
            "workbench":"Ingredient packs",
            "stationLvl":1,
            "ingredients":[
                {
                    "name":"Hen egg",
                    "quantity":20
                }
            ]
        },
        {
            "name":"Condiments pack",
            "quantity":1,
            "workbench":"Ingredient packs",
            "stationLvl":1,
            "ingredients":[
                {
                    "name":"Onion",
                    "quantity":60
                },
                {
                    "name":"Garlic",
                    "quantity":60
                }
            ]
        },
        {
            "name":"Distiller pack",
            "quantity":1,
            "workbench":"Ingredient packs",
            "stationLvl":1,
            "ingredients":[
                {
                    "name":"Distilling mash",
                    "quantity":10
                },
                {
                    "name":"Yeast",
                    "quantity":20
                }
            ]
        },
        {
            "name":"Root harvest pack",
            "quantity":1,
            "workbench":"Ingredient packs",
            "stationLvl":1,
            "ingredients":[
                {
                    "name":"Radish",
                    "quantity":40
                },
                {
                    "name":"Beetroot",
                    "quantity":40
                },
                {
                    "name":"Onion",
                    "quantity":40
                }
            ]
        },
        {
            "name":"Gourmet meats pack",
            "quantity":1,
            "workbench":"Ingredient packs",
            "stationLvl":1,
            "ingredients":[
                {
                    "name":"Pork meat",
                    "quantity":20
                },
                {
                    "name":"Sheep meat",
                    "quantity":20
                },
                {
                    "name":"Goat meat",
                    "quantity":20
                }
            ]
        },
        {
            "name":"Salad essentials pack",
            "quantity":1,
            "workbench":"Ingredient packs",
            "stationLvl":1,
            "ingredients":[
                {
                    "name":"Tomato",
                    "quantity":50
                },
                {
                    "name":"Cabbage",
                    "quantity":50
                },
                {
                    "name":"Onion",
                    "quantity":50
                }
            ]
        },
        {
            "name":"Truffles pack",
            "quantity":1,
            "workbench":"Ingredient packs",
            "stationLvl":3,
            "ingredients":[
                {
                    "name":"Pork truffle",
                    "quantity":15
                }
            ]
        },
        {
            "name":"Milks pack",
            "quantity":1,
            "workbench":"Ingredient packs",
            "stationLvl":4,
            "ingredients":[
                {
                    "name":"Goat milk",
                    "quantity":40
                },
                {
                    "name":"Sheep milk",
                    "quantity":20
                },
                {
                    "name":"Cow milk",
                    "quantity":10
                }
            ]
        },
        {
            "name":"Delicatessen pack",
            "quantity":1,
            "workbench":"Ingredient packs",
            "stationLvl":5,
            "ingredients":[
                {
                    "name":"Cow beef",
                    "quantity":40
                },
                {
                    "name":"Caprivee meat",
                    "quantity":30
                },
                {
                    "name":"Animal fat",
                    "quantity":10
                }
            ]
        },
        {
            "name":"Gourmet vegetables pack",
            "quantity":1,
            "workbench":"Ingredient packs",
            "stationLvl":5,
            "ingredients":[
                {
                    "name":"Pumpkin",
                    "quantity":50
                },
                {
                    "name":"Watermelon",
                    "quantity":50
                },
                {
                    "name":"Corn",
                    "quantity":50
                }
            ]
        },
        {
            "name":"Grain pack",
            "quantity":1,
            "workbench":"Ingredient packs",
            "stationLvl":5,
            "ingredients":[
                {
                    "name":"Wheat",
                    "quantity":40
                },
                {
                    "name":"Corn kernels",
                    "quantity":400
                }
            ]
        }
    ]

}
