{
    "recipes" : [
        {
            "name":"Distilling mash",
            "quantity":3,
            "ingredients":[
                {
                    "name":"Carrot",
                    "quantity":15
                }
            ]
        },
        {
            "name":"Distilling mash",
            "quantity":3,
            "ingredients":[
                {
                    "name":"Potato",
                    "quantity":15
                }
            ]
        },
        {
            "name":"Distilling mash",
            "quantity":3,
            "ingredients":[
                {
                    "name":"Cucumber",
                    "quantity":15
                }
            ]
        },
        {
            "name":"Distilling mash",
            "quantity":3,
            "ingredients":[
                {
                    "name":"Pumpkin",
                    "quantity":5
                }
            ]
        },
        {
            "name":"Animal flour",
            "quantity":3,
            "ingredients":[
                {
                    "name":"Animal bones",
                    "quantity":20
                }
            ]
        },
        {
            "name":"Animal flour",
            "quantity":3,
            "ingredients":[
                {
                    "name":"Hen egg",
                    "quantity":12
                }
            ]
        },
        {
            "name":"Animal flour",
            "quantity":3,
            "ingredients":[
                {
                    "name":"Goat horn",
                    "quantity":5
                }
            ]
        },
        {
            "name":"Animal flour",
            "quantity":3,
            "ingredients":[
                {
                    "name":"Cow horn",
                    "quantity":2
                }
            ]
        },
        {
            "name":"Oil",
            "quantity":3,
            "ingredients":[
                {
                    "name":"Sunflower",
                    "quantity":7
                }
            ]
        },
        {
            "name":"Flour",
            "quantity":2,
            "ingredients":[
                {
                    "name":"Wheat",
                    "quantity":9
                }
            ]
        },
        {
            "name":"Flour",
            "quantity":2,
            "ingredients":[
                {
                    "name":"Corn",
                    "quantity":4
                }
            ]
        },
        {
            "name":"Precious dust",
            "quantity":1,
            "ingredients":[
                {
                    "name":"Caprivee horn",
                    "quantity":5
                }
            ]
        }
    ]
}
