{
    "recipes": [
        {
            "name":"Softwood plank",
            "stationLvl":1,
            "workbench":"Carpenter",
            "quantity":1,
            "ingredients":[
                {
                    "name":"Softwood log",
                    "quantity":2
                }
            ]
        },
        {
            "name":"Medium wood plank",
            "stationLvl":2,
            "workbench":"Carpenter",
            "quantity":1,
            "ingredients":[
                {
                    "name":"Medium wood log",
                    "quantity":2
                },
                {
                    "name":"Softwood plank",
                    "quantity":1
                }
            ]
        },
        {
            "name":"Flexible wood plank",
            "stationLvl":3,
            "workbench":"Carpenter",
            "quantity":1,
            "ingredients":[
                {
                    "name":"Flexible wood log",
                    "quantity":2
                },
                {
                    "name":"Medium wood plank",
                    "quantity":1
                }
            ]
        },
        {
            "name":"Hardwood plank",
            "stationLvl":4,
            "workbench":"Carpenter",
            "quantity":1,
            "ingredients":[
                {
                    "name":"Hardwood log",
                    "quantity":2
                },
                {
                    "name":"Flexible wood plank",
                    "quantity":1
                }
            ]
        },
        {
            "name":"Unbreakable wood plank",
            "stationLvl":5,
            "workbench":"Carpenter",
            "quantity":1,
            "ingredients":[
                {
                    "name":"Unbreakable wood log",
                    "quantity":2
                },
                {
                    "name":"Hardwood plank",
                    "quantity":1
                }
            ]
        },
        {
            "name":"Salt",
            "stationLvl":1,
            "workbench":"Mason",
            "quantity":1,
            "ingredients":[
                {
                    "name":"Gypsum",
                    "quantity":8
                },
                {
                    "name":"Sandstone",
                    "quantity":2
                }
            ]
        },
        {
            "name":"Gypsum block",
            "stationLvl":1,
            "workbench":"Mason",
            "quantity":1,
            "ingredients":[
                {
                    "name":"Gypsum",
                    "quantity":2
                }
            ]
        },
        {
            "name":"Sandstone block",
            "stationLvl":1,
            "workbench":"Mason",
            "quantity":1,
            "ingredients":[
                {
                    "name":"Sandstone",
                    "quantity":2
                },
                {
                    "name":"Gypsum block",
                    "quantity":1
                }
            ]
        },
        {
            "name":"Clay block",
            "stationLvl":2,
            "workbench":"Mason",
            "quantity":1,
            "ingredients":[
                {
                    "name":"Clay",
                    "quantity":2
                },
                {
                    "name":"Gypsum block",
                    "quantity":1
                }
            ]
        },
        {
            "name":"Slate block",
            "stationLvl":2,
            "workbench":"Mason",
            "quantity":1,
            "ingredients":[
                {
                    "name":"Slate",
                    "quantity":2
                },
                {
                    "name":"Sandstone block",
                    "quantity":1
                }
            ]
        },
        {
            "name":"Glowing ember",
            "stationLvl":2,
            "workbench":"Mason",
            "quantity":1,
            "ingredients":[
                {
                    "name":"Flickering ember",
                    "quantity":60
                }
            ]
        },
        {
            "name":"Limestone block",
            "stationLvl":3,
            "workbench":"Mason",
            "quantity":1,
            "ingredients":[
                {
                    "name":"Limestone",
                    "quantity":2
                },
                {
                    "name":"Clay block",
                    "quantity":1
                }
            ]
        },
        {
            "name":"Quartz block",
            "stationLvl":3,
            "workbench":"Mason",
            "quantity":1,
            "ingredients":[
                {
                    "name":"Quartz",
                    "quantity":2
                },
                {
                    "name":"Slate block",
                    "quantity":1
                }
            ]
        },
        {
            "name":"Shining ember",
            "stationLvl":3,
            "workbench":"Mason",
            "quantity":1,
            "ingredients":[
                {
                    "name":"Glowing ember",
                    "quantity":60
                }
            ]
        },
        {
            "name":"Granite block",
            "stationLvl":4,
            "workbench":"Mason",
            "quantity":1,
            "ingredients":[
                {
                    "name":"Granite",
                    "quantity":2
                },
                {
                    "name":"Limestone block",
                    "quantity":1
                }
            ]
        },
        {
            "name":"Basalt block",
            "stationLvl":4,
            "workbench":"Mason",
            "quantity":1,
            "ingredients":[
                {
                    "name":"Basalt",
                    "quantity":2
                },
                {
                    "name":"Quartz block",
                    "quantity":1
                }
            ]
        },
        {
            "name":"Marble block",
            "stationLvl":5,
            "workbench":"Mason",
            "quantity":1,
            "ingredients":[
                {
                    "name":"Marble",
                    "quantity":2
                },
                {
                    "name":"Granite block",
                    "quantity":1
                }
            ]
        },
        {
            "name":"Kronita block",
            "stationLvl":5,
            "workbench":"Mason",
            "quantity":1,
            "ingredients":[
                {
                    "name":"Kronita",
                    "quantity":2
                },
                {
                    "name":"Basalt block",
                    "quantity":1
                }
            ]
        },
        {
            "name":"Glass",
            "stationLvl":1,
            "workbench":"Blacksmith",
            "quantity":4,
            "ingredients":[
                {
                    "name":"Gypsum",
                    "quantity":8
                },
                {
                    "name":"Sandstone",
                    "quantity":2
                }
            ]
        },
        {
            "name":"Copper ingot",
            "stationLvl":1,
            "workbench":"Blacksmith",
            "quantity":1,
            "ingredients":[
                {
                    "name":"Copper",
                    "quantity":2
                }
            ]
        },
        {
            "name":"Titanium ingot",
            "stationLvl":1,
            "workbench":"Blacksmith",
            "quantity":1,
            "ingredients":[
                {
                    "name":"Titanium",
                    "quantity":2
                },
                {
                    "name":"Copper ingot",
                    "quantity":1
                }
            ]
        },
        {
            "name":"Iron ingot",
            "stationLvl":2,
            "workbench":"Blacksmith",
            "quantity":1,
            "ingredients":[
                {
                    "name":"Iron",
                    "quantity":2
                },
                {
                    "name":"Copper ingot",
                    "quantity":1
                }
            ]
        },
        {
            "name":"Silver ingot",
            "stationLvl":2,
            "workbench":"Blacksmith",
            "quantity":1,
            "ingredients":[
                {
                    "name":"Silver",
                    "quantity":2
                },
                {
                    "name":"Titanium ingot",
                    "quantity":1
                }
            ]
        },
        {
            "name":"Glowing spark",
            "stationLvl":2,
            "workbench":"Blacksmith",
            "quantity":1,
            "ingredients":[
                {
                    "name":"Flickering spark",
                    "quantity":60
                }
            ]
        },
        {
            "name":"Gold ingot",
            "stationLvl":3,
            "workbench":"Blacksmith",
            "quantity":1,
            "ingredients":[
                {
                    "name":"Gold",
                    "quantity":2
                },
                {
                    "name":"Iron ingot",
                    "quantity":1
                }
            ]
        },
        {
            "name":"Platinum ingot",
            "stationLvl":3,
            "workbench":"Blacksmith",
            "quantity":1,
            "ingredients":[
                {
                    "name":"Platinum",
                    "quantity":2
                },
                {
                    "name":"Silver ingot",
                    "quantity":1
                }
            ]
        },
        {
            "name":"Shining spark",
            "stationLvl":3,
            "workbench":"Blacksmith",
            "quantity":1,
            "ingredients":[
                {
                    "name":"Glowing spark",
                    "quantity":60
                }
            ]
        },
        {
            "name":"Orichalcum ingot",
            "stationLvl":4,
            "workbench":"Blacksmith",
            "quantity":1,
            "ingredients":[
                {
                    "name":"Orichalcum",
                    "quantity":2
                },
                {
                    "name":"Gold ingot",
                    "quantity":1
                }
            ]
        },
        {
            "name":"Mithril ingot",
            "stationLvl":4,
            "workbench":"Blacksmith",
            "quantity":1,
            "ingredients":[
                {
                    "name":"Mithril",
                    "quantity":2
                },
                {
                    "name":"Platinum ingot",
                    "quantity":1
                }
            ]
        },
        {
            "name":"Obsidian ingot",
            "stationLvl":5,
            "workbench":"Blacksmith",
            "quantity":1,
            "ingredients":[
                {
                    "name":"Obsidian",
                    "quantity":2
                },
                {
                    "name":"Orichalcum ingot",
                    "quantity":1
                }
            ]
        },
        {
            "name":"Alurita ingot",
            "stationLvl":5,
            "workbench":"Blacksmith",
            "quantity":1,
            "ingredients":[
                {
                    "name":"Alurita",
                    "quantity":2
                },
                {
                    "name":"Mithril ingot",
                    "quantity":1
                }
            ]
        },
        {
            "name":"Basic leather",
            "stationLvl":1,
            "workbench":"Tanner",
            "quantity":1,
            "ingredients":[
                {
                    "name":"Rabbit fur",
                    "quantity":2
                }
            ]
        },
        {
            "name":"Steady leather",
            "stationLvl":2,
            "workbench":"Tanner",
            "quantity":1,
            "ingredients":[
                {
                    "name":"Goat skin",
                    "quantity":2
                },
                {
                    "name":"Basic leather",
                    "quantity":2
                }
            ]
        },
        {
            "name":"Stiff leather",
            "stationLvl":3,
            "workbench":"Tanner",
            "quantity":1,
            "ingredients":[
                {
                    "name":"Pork skin",
                    "quantity":2
                },
                {
                    "name":"Steady leather",
                    "quantity":2
                }
            ]
        },
        {
            "name":"Tough leather",
            "stationLvl":4,
            "workbench":"Tanner",
            "quantity":1,
            "ingredients":[
                {
                    "name":"Cow skin",
                    "quantity":2
                },
                {
                    "name":"Stiff leather",
                    "quantity":2
                }
            ]
        },
        {
            "name":"Hardened leather",
            "stationLvl":5,
            "workbench":"Tanner",
            "quantity":1,
            "ingredients":[
                {
                    "name":"Caprivee skin",
                    "quantity":2
                },
                {
                    "name":"Stiff leather",
                    "quantity":2
                }
            ]
        },
        {
            "name":"String",
            "stationLvl":1,
            "workbench":"Tailor",
            "quantity":1,
            "ingredients":[
                {
                    "name":"Fiber",
                    "quantity":3
                }
            ]
        },
        {
            "name":"Cotton thread",
            "stationLvl":2,
            "workbench":"Tailor",
            "quantity":1,
            "ingredients":[
                {
                    "name":"Cotton fiber",
                    "quantity":2
                },
                {
                    "name":"String",
                    "quantity":1
                }
            ]
        },
        {
            "name":"Wool ball",
            "stationLvl":3,
            "workbench":"Tailor",
            "quantity":1,
            "ingredients":[
                {
                    "name":"Sheep wool",
                    "quantity":2
                },
                {
                    "name":"Cotton thread",
                    "quantity":1
                }
            ]
        },
        {
            "name":"Linen thread",
            "stationLvl":4,
            "workbench":"Tailor",
            "quantity":1,
            "ingredients":[
                {
                    "name":"Linen fiber",
                    "quantity":2
                },
                {
                    "name":"Wool ball",
                    "quantity":1
                }
            ]
        },
        {
            "name":"Fine wool ball",
            "stationLvl":5,
            "workbench":"Tailor",
            "quantity":1,
            "ingredients":[
                {
                    "name":"Caprivee wool",
                    "quantity":2
                },
                {
                    "name":"Linen thread",
                    "quantity":1
                }
            ]
        },
        {
            "name":"Bottle",
            "stationLvl":1,
            "workbench":"Alchemy",
            "quantity":2,
            "ingredients":[
                {
                    "name":"Glass",
                    "quantity":3
                }
            ]
        },
        {
            "name":"Base elixir",
            "stationLvl":1,
            "workbench":"Alchemy",
            "quantity":5,
            "ingredients":[
                {
                    "name":"Carrot",
                    "quantity":10
                }
            ]
        },
        {
            "name":"Base elixir",
            "stationLvl":1,
            "workbench":"Alchemy",
            "quantity":5,
            "ingredients":[
                {
                    "name":"Potato",
                    "quantity":10
                }
            ]
        },
        {
            "name":"Base elixir",
            "stationLvl":1,
            "workbench":"Alchemy",
            "quantity":5,
            "ingredients":[
                {
                    "name":"Cucumber",
                    "quantity":10
                }
            ]
        },
        {
            "name":"Base elixir",
            "stationLvl":1,
            "workbench":"Alchemy",
            "quantity":5,
            "ingredients":[
                {
                    "name":"Garlic",
                    "quantity":10
                }
            ]
        },
        {
            "name":"Base elixir",
            "stationLvl":1,
            "workbench":"Alchemy",
            "quantity":5,
            "ingredients":[
                {
                    "name":"Radish",
                    "quantity":6
                }
            ]
        },
        {
            "name":"Base elixir",
            "stationLvl":1,
            "workbench":"Alchemy",
            "quantity":5,
            "ingredients":[
                {
                    "name":"Beetroot",
                    "quantity":6
                }
            ]
        },
        {
            "name":"Base elixir",
            "stationLvl":1,
            "workbench":"Alchemy",
            "quantity":5,
            "ingredients":[
                {
                    "name":"Onion",
                    "quantity":6
                }
            ]
        },
        {
            "name":"Base elixir",
            "stationLvl":1,
            "workbench":"Alchemy",
            "quantity":5,
            "ingredients":[
                {
                    "name":"Tomato",
                    "quantity":4
                }
            ]
        },
        {
            "name":"Base elixir",
            "stationLvl":1,
            "workbench":"Alchemy",
            "quantity":5,
            "ingredients":[
                {
                    "name":"Cabbage",
                    "quantity":4
                }
            ]
        },
        {
            "name":"Base elixir",
            "stationLvl":1,
            "workbench":"Alchemy",
            "quantity":5,
            "ingredients":[
                {
                    "name":"Pumpkin",
                    "quantity":2
                }
            ]
        },
        {
            "name":"Base elixir",
            "stationLvl":1,
            "workbench":"Alchemy",
            "quantity":5,
            "ingredients":[
                {
                    "name":"Watermelon",
                    "quantity":2
                }
            ]
        },
        {
            "name":"Minor healing potion",
            "stationLvl":1,
            "workbench":"Alchemy",
            "quantity":6,
            "ingredients":[
                {
                    "name":"Hen egg",
                    "quantity":3
                },
                {
                    "name":"Base elixir",
                    "quantity":2
                },
                {
                    "name":"Amber fragments",
                    "quantity":4
                }
            ]
        },
        {
            "name":"Minor healing potion",
            "stationLvl":1,
            "workbench":"Alchemy",
            "quantity":6,
            "ingredients":[
                {
                    "name":"Hen meat",
                    "quantity":2
                },
                {
                    "name":"Base elixir",
                    "quantity":2
                },
                {
                    "name":"Amber fragments",
                    "quantity":4
                }
            ]
        },
        {
            "name":"Minor healing potion",
            "stationLvl":1,
            "workbench":"Alchemy",
            "quantity":6,
            "ingredients":[
                {
                    "name":"Rabbit meat",
                    "quantity":2
                },
                {
                    "name":"Base elixir",
                    "quantity":2
                },
                {
                    "name":"Amber fragments",
                    "quantity":4
                }
            ]
        },
        {
            "name":"Minor mana potion",
            "stationLvl":1,
            "workbench":"Alchemy",
            "quantity":3,
            "ingredients":[
                {
                    "name":"Carrot",
                    "quantity":4
                },
                {
                    "name":"Base elixir",
                    "quantity":1
                },
                {
                    "name":"Amber fragments",
                    "quantity":2
                }
            ]
        },
        {
            "name":"Minor mana potion",
            "stationLvl":1,
            "workbench":"Alchemy",
            "quantity":3,
            "ingredients":[
                {
                    "name":"Potato",
                    "quantity":4
                },
                {
                    "name":"Base elixir",
                    "quantity":1
                },
                {
                    "name":"Amber fragments",
                    "quantity":2
                }
            ]
        },
        {
            "name":"Minor mana potion",
            "stationLvl":1,
            "workbench":"Alchemy",
            "quantity":3,
            "ingredients":[
                {
                    "name":"Potato",
                    "quantity":4
                },
                {
                    "name":"Base elixir",
                    "quantity":1
                },
                {
                    "name":"Amber fragments",
                    "quantity":2
                }
            ]
        },
        {
            "name":"Minor mana potion",
            "stationLvl":1,
            "workbench":"Alchemy",
            "quantity":3,
            "ingredients":[
                {
                    "name":"Cucumber",
                    "quantity":4
                },
                {
                    "name":"Base elixir",
                    "quantity":1
                },
                {
                    "name":"Amber fragments",
                    "quantity":2
                }
            ]
        },
        {
            "name":"Minor mana potion",
            "stationLvl":1,
            "workbench":"Alchemy",
            "quantity":3,
            "ingredients":[
                {
                    "name":"Garlic",
                    "quantity":4
                },
                {
                    "name":"Base elixir",
                    "quantity":1
                },
                {
                    "name":"Amber fragments",
                    "quantity":2
                }
            ]
        },
        {
            "name":"Dye",
            "stationLvl":2,
            "workbench":"Alchemy",
            "quantity":1,
            "ingredients":[
                {
                    "name":"Animal flour",
                    "quantity":1
                },
                {
                    "name":"Radish",
                    "quantity":1
                },
                {
                    "name":"Beetroot",
                    "quantity":1
                },
                {
                    "name":"Bottle",
                    "quantity":1
                }
            ]
        },
        {
            "name":"Lumen essence",
            "stationLvl":3,
            "workbench":"Alchemy",
            "quantity":1,
            "ingredients":[
                {
                    "name":"Amber fragments",
                    "quantity":20
                }
            ]
        },
        {
            "name":"Moon dust",
            "stationLvl":3,
            "workbench":"Alchemy",
            "quantity":1,
            "ingredients":[
                {
                    "name":"Lumen essence",
                    "quantity":20
                }
            ]
        },
        {
            "name":"Nebulous pearl",
            "stationLvl":5,
            "workbench":"Alchemy",
            "quantity":1,
            "ingredients":[
                {
                    "name":"Pearl",
                    "quantity":4
                }
            ]
        },
        {
            "name":"Pearl",
            "stationLvl":5,
            "workbench":"Alchemy",
            "quantity":1,
            "ingredients":[
                {
                    "name":"Precious dust",
                    "quantity":5
                }
            ]
        },
        {
            "name":"Basic meat",
            "stationLvl":1,
            "workbench":"Cook",
            "quantity":1,
            "ingredients":[
                {
                    "name":"Carrot",
                    "quantity":8
                },
                {
                    "name":"Salt",
                    "quantity":1
                },
                {
                    "name":"Basic crockery",
                    "quantity":5
                }
            ]
        },
        {
            "name":"Basic meat",
            "stationLvl":1,
            "workbench":"Cook",
            "quantity":1,
            "ingredients":[
                {
                    "name":"Potato",
                    "quantity":8
                },
                {
                    "name":"Salt",
                    "quantity":1
                },
                {
                    "name":"Basic crockery",
                    "quantity":5
                }
            ]
        },
        {
            "name":"Basic meat",
            "stationLvl":1,
            "workbench":"Cook",
            "quantity":1,
            "ingredients":[
                {
                    "name":"Cucumber",
                    "quantity":8
                },
                {
                    "name":"Salt",
                    "quantity":1
                },
                {
                    "name":"Basic crockery",
                    "quantity":5
                }
            ]
        },
        {
            "name":"Basic meat",
            "stationLvl":1,
            "workbench":"Cook",
            "quantity":1,
            "ingredients":[
                {
                    "name":"Garlic",
                    "quantity":8
                },
                {
                    "name":"Salt",
                    "quantity":1
                },
                {
                    "name":"Basic crockery",
                    "quantity":5
                }
            ]
        },
        {
            "name":"Basic meat",
            "stationLvl":1,
            "workbench":"Cook",
            "quantity":1,
            "ingredients":[
                {
                    "name":"Hen meat",
                    "quantity":3
                },
                {
                    "name":"Salt",
                    "quantity":1
                },
                {
                    "name":"Basic crockery",
                    "quantity":5
                }
            ]
        },
        {
            "name":"Basic meat",
            "stationLvl":1,
            "workbench":"Cook",
            "quantity":1,
            "ingredients":[
                {
                    "name":"Rabbit meat",
                    "quantity":3
                },
                {
                    "name":"Salt",
                    "quantity":1
                },
                {
                    "name":"Basic crockery",
                    "quantity":5
                }
            ]
        },
        {
            "name":"Yeast",
            "stationLvl":2,
            "workbench":"Cook",
            "quantity":1,
            "ingredients":[
                {
                    "name":"Wax",
                    "quantity":2
                }
            ]
        },
        {
            "name":"Carrot seads bundle",
            "stationLvl":2,
            "workbench":"Cook",
            "quantity":1,
            "ingredients":[
                {
                    "name":"Carrot seads",
                    "quantity":5
                }
            ]
        },
        {
            "name":"Cucumber seads bundle",
            "stationLvl":2,
            "workbench":"Cook",
            "quantity":1,
            "ingredients":[
                {
                    "name":"Cucumber seads",
                    "quantity":5
                }
            ]
        },
        {
            "name":"Garlic seads bundle",
            "stationLvl":2,
            "workbench":"Cook",
            "quantity":1,
            "ingredients":[
                {
                    "name":"Garlic seads",
                    "quantity":5
                }
            ]
        },
        {
            "name":"Potato seads bundle",
            "stationLvl":2,
            "workbench":"Cook",
            "quantity":1,
            "ingredients":[
                {
                    "name":"Potato seads",
                    "quantity":5
                }
            ]
        },
        {
            "name":"Animal fat",
            "stationLvl":3,
            "workbench":"Cook",
            "quantity":3,
            "ingredients":[
                {
                    "name":"Pork meat",
                    "quantity":1
                }
            ]
        },
        {
            "name":"Beetroot seads bundle",
            "stationLvl":3,
            "workbench":"Cook",
            "quantity":1,
            "ingredients":[
                {
                    "name":"Beetroot seads",
                    "quantity":5
                }
            ]
        },
        {
            "name":"Onion seads bundle",
            "stationLvl":3,
            "workbench":"Cook",
            "quantity":1,
            "ingredients":[
                {
                    "name":"Onion seads",
                    "quantity":5
                }
            ]
        },
        {
            "name":"Radish seads bundle",
            "stationLvl":3,
            "workbench":"Cook",
            "quantity":1,
            "ingredients":[
                {
                    "name":"Radish seads",
                    "quantity":5
                }
            ]
        },
        {
            "name":"Corn kernels",
            "stationLvl":5,
            "workbench":"Cook",
            "quantity":10,
            "ingredients":[
                {
                    "name":"Corn",
                    "quantity":1
                }
            ]
        }
    ]
}
